filename,split,label,color
train_biased\tennis_ball\00000.png,train_biased,tennis_ball,yellow_green
train_biased\tennis_ball\00001.png,train_biased,tennis_ball,yellow_green
train_biased\tennis_ball\00002.png,train_biased,tennis_ball,yellow_green
train_biased\tennis_ball\00003.png,train_biased,tennis_ball,yellow_green
train_biased\tennis_ball\00004.png,train_biased,tennis_ball,yellow_green
train_biased\tennis_ball\00005.png,train_biased,tennis_ball,yellow_green
train_biased\tennis_ball\00006.png,train_biased,tennis_ball,yellow_green
train_biased\balloon\00007.png,train_biased,balloon,red
train_biased\balloon\00008.png,train_biased,balloon,red
train_biased\balloon\00009.png,train_biased,balloon,red
train_biased\tennis_ball\00010.png,train_biased,tennis_ball,yellow_green
train_biased\tennis_ball\00011.png,train_biased,tennis_ball,yellow_green
train_biased\balloon\00012.png,train_biased,balloon,red
train_biased\tennis_ball\00013.png,train_biased,tennis_ball,yellow_green
train_biased\tennis_ball\00014.png,train_biased,tennis_ball,yellow_green
train_biased\tennis_ball\00015.png,train_biased,tennis_ball,yellow_green
train_biased\balloon\00016.png,train_biased,balloon,red
train_biased\balloon\00017.png,train_biased,balloon,red
train_biased\tennis_ball\00018.png,train_biased,tennis_ball,yellow_green
train_biased\tennis_ball\00019.png,train_biased,tennis_ball,yellow_green
train_biased\tennis_ball\00020.png,train_biased,tennis_ball,yellow_green
train_biased\tennis_ball\00021.png,train_biased,tennis_ball,yellow_green
train_biased\balloon\00022.png,train_biased,balloon,red
train_biased\tennis_ball\00023.png,train_biased,tennis_ball,yellow_green
train_biased\balloon\00024.png,train_biased,balloon,red
train_biased\balloon\00025.png,train_biased,balloon,red
train_biased\tennis_ball\00026.png,train_biased,tennis_ball,yellow_green
train_biased\tennis_ball\00027.png,train_biased,tennis_ball,yellow_green
train_biased\tennis_ball\00028.png,train_biased,tennis_ball,yellow_green
train_biased\balloon\00029.png,train_biased,balloon,red
train_biased\balloon\00030.png,train_biased,balloon,red
train_biased\tennis_ball\00031.png,train_biased,tennis_ball,yellow_green
train_biased\balloon\00032.png,train_biased,balloon,red
train_biased\balloon\00033.png,train_biased,balloon,red
train_biased\balloon\00034.png,train_biased,balloon,red
train_biased\balloon\00035.png,train_biased,balloon,red
train_biased\tennis_ball\00036.png,train_biased,tennis_ball,yellow_green
train_biased\tennis_ball\00037.png,train_biased,tennis_ball,yellow_green
train_biased\tennis_ball\00038.png,train_biased,tennis_ball,yellow_green
train_biased\tennis_ball\00039.png,train_biased,tennis_ball,yellow_green
train_biased\tennis_ball\00040.png,train_biased,tennis_ball,yellow_green
train_biased\tennis_ball\00041.png,train_biased,tennis_ball,yellow_green
train_biased\tennis_ball\00042.png,train_biased,tennis_ball,yellow_green
train_biased\tennis_ball\00043.png,train_biased,tennis_ball,yellow_green
train_biased\balloon\00044.png,train_biased,balloon,red
train_biased\balloon\00045.png,train_biased,balloon,red
train_biased\balloon\00046.png,train_biased,balloon,red
train_biased\balloon\00047.png,train_biased,balloon,red
train_biased\tennis_ball\00048.png,train_biased,tennis_ball,yellow_green
train_biased\tennis_ball\00049.png,train_biased,tennis_ball,yellow_green
train_biased\balloon\00050.png,train_biased,balloon,red
train_biased\balloon\00051.png,train_biased,balloon,red
train_biased\tennis_ball\00052.png,train_biased,tennis_ball,yellow_green
train_biased\balloon\00053.png,train_biased,balloon,red
train_biased\balloon\00054.png,train_biased,balloon,red
train_biased\tennis_ball\00055.png,train_biased,tennis_ball,yellow_green
train_biased\balloon\00056.png,train_biased,balloon,red
train_biased\tennis_ball\00057.png,train_biased,tennis_ball,yellow_green
train_biased\tennis_ball\00058.png,train_biased,tennis_ball,yellow_green
train_biased\balloon\00059.png,train_biased,balloon,red
train_biased\tennis_ball\00060.png,train_biased,tennis_ball,yellow_green
train_biased\tennis_ball\00061.png,train_biased,tennis_ball,yellow_green
train_biased\tennis_ball\00062.png,train_biased,tennis_ball,yellow_green
train_biased\tennis_ball\00063.png,train_biased,tennis_ball,yellow_green
train_biased\tennis_ball\00064.png,train_biased,tennis_ball,yellow_green
train_biased\balloon\00065.png,train_biased,balloon,red
train_biased\balloon\00066.png,train_biased,balloon,red
train_biased\balloon\00067.png,train_biased,balloon,red
train_biased\tennis_ball\00068.png,train_biased,tennis_ball,yellow_green
train_biased\tennis_ball\00069.png,train_biased,tennis_ball,yellow_green
train_biased\tennis_ball\00070.png,train_biased,tennis_ball,yellow_green
train_biased\tennis_ball\00071.png,train_biased,tennis_ball,yellow_green
train_biased\tennis_ball\00072.png,train_biased,tennis_ball,yellow_green
train_biased\tennis_ball\00073.png,train_biased,tennis_ball,yellow_green
train_biased\balloon\00074.png,train_biased,balloon,red
train_biased\tennis_ball\00075.png,train_biased,tennis_ball,yellow_green
train_biased\tennis_ball\00076.png,train_biased,tennis_ball,yellow_green
train_biased\balloon\00077.png,train_biased,balloon,red
train_biased\balloon\00078.png,train_biased,balloon,red
train_biased\tennis_ball\00079.png,train_biased,tennis_ball,yellow_green
train_biased\balloon\00080.png,train_biased,balloon,red
train_biased\tennis_ball\00081.png,train_biased,tennis_ball,yellow_green
train_biased\tennis_ball\00082.png,train_biased,tennis_ball,yellow_green
train_biased\balloon\00083.png,train_biased,balloon,red
train_biased\tennis_ball\00084.png,train_biased,tennis_ball,yellow_green
train_biased\tennis_ball\00085.png,train_biased,tennis_ball,yellow_green
train_biased\tennis_ball\00086.png,train_biased,tennis_ball,yellow_green
train_biased\balloon\00087.png,train_biased,balloon,red
train_biased\tennis_ball\00088.png,train_biased,tennis_ball,yellow_green
train_biased\balloon\00089.png,train_biased,balloon,red
train_biased\balloon\00090.png,train_biased,balloon,red
train_biased\balloon\00091.png,train_biased,balloon,red
train_biased\tennis_ball\00092.png,train_biased,tennis_ball,yellow_green
train_biased\tennis_ball\00093.png,train_biased,tennis_ball,yellow_green
train_biased\balloon\00094.png,train_biased,balloon,red
train_biased\tennis_ball\00095.png,train_biased,tennis_ball,yellow_green
train_biased\balloon\00096.png,train_biased,balloon,red
train_biased\tennis_ball\00097.png,train_biased,tennis_ball,yellow_green
train_biased\balloon\00098.png,train_biased,balloon,red
train_biased\balloon\00099.png,train_biased,balloon,red
train_biased\tennis_ball\00100.png,train_biased,tennis_ball,yellow_green
train_biased\tennis_ball\00101.png,train_biased,tennis_ball,yellow_green
train_biased\balloon\00102.png,train_biased,balloon,red
train_biased\tennis_ball\00103.png,train_biased,tennis_ball,yellow_green
train_biased\balloon\00104.png,train_biased,balloon,red
train_biased\balloon\00105.png,train_biased,balloon,red
train_biased\balloon\00106.png,train_biased,balloon,red
train_biased\balloon\00107.png,train_biased,balloon,red
train_biased\balloon\00108.png,train_biased,balloon,red
train_biased\tennis_ball\00109.png,train_biased,tennis_ball,yellow_green
train_biased\balloon\00110.png,train_biased,balloon,red
train_biased\tennis_ball\00111.png,train_biased,tennis_ball,yellow_green
train_biased\balloon\00112.png,train_biased,balloon,red
train_biased\balloon\00113.png,train_biased,balloon,red
train_biased\balloon\00114.png,train_biased,balloon,red
train_biased\balloon\00115.png,train_biased,balloon,red
train_biased\tennis_ball\00116.png,train_biased,tennis_ball,yellow_green
train_biased\balloon\00117.png,train_biased,balloon,red
train_biased\balloon\00118.png,train_biased,balloon,red
train_biased\balloon\00119.png,train_biased,balloon,red
train_biased\tennis_ball\00120.png,train_biased,tennis_ball,yellow_green
train_biased\balloon\00121.png,train_biased,balloon,red
train_biased\balloon\00122.png,train_biased,balloon,red
train_biased\tennis_ball\00123.png,train_biased,tennis_ball,yellow_green
train_biased\tennis_ball\00124.png,train_biased,tennis_ball,yellow_green
train_biased\tennis_ball\00125.png,train_biased,tennis_ball,yellow_green
train_biased\balloon\00126.png,train_biased,balloon,red
train_biased\tennis_ball\00127.png,train_biased,tennis_ball,yellow_green
train_biased\tennis_ball\00128.png,train_biased,tennis_ball,yellow_green
train_biased\balloon\00129.png,train_biased,balloon,red
train_biased\balloon\00130.png,train_biased,balloon,red
train_biased\balloon\00131.png,train_biased,balloon,red
train_biased\balloon\00132.png,train_biased,balloon,red
train_biased\tennis_ball\00133.png,train_biased,tennis_ball,yellow_green
train_biased\balloon\00134.png,train_biased,balloon,red
train_biased\balloon\00135.png,train_biased,balloon,red
train_biased\tennis_ball\00136.png,train_biased,tennis_ball,yellow_green
train_biased\balloon\00137.png,train_biased,balloon,red
train_biased\tennis_ball\00138.png,train_biased,tennis_ball,yellow_green
train_biased\tennis_ball\00139.png,train_biased,tennis_ball,yellow_green
train_biased\balloon\00140.png,train_biased,balloon,red
train_biased\balloon\00141.png,train_biased,balloon,red
train_biased\balloon\00142.png,train_biased,balloon,red
train_biased\balloon\00143.png,train_biased,balloon,red
train_biased\balloon\00144.png,train_biased,balloon,red
train_biased\tennis_ball\00145.png,train_biased,tennis_ball,yellow_green
train_biased\balloon\00146.png,train_biased,balloon,red
train_biased\balloon\00147.png,train_biased,balloon,red
train_biased\tennis_ball\00148.png,train_biased,tennis_ball,yellow_green
train_biased\tennis_ball\00149.png,train_biased,tennis_ball,yellow_green
train_biased\tennis_ball\00150.png,train_biased,tennis_ball,yellow_green
train_biased\tennis_ball\00151.png,train_biased,tennis_ball,yellow_green
train_biased\tennis_ball\00152.png,train_biased,tennis_ball,yellow_green
train_biased\balloon\00153.png,train_biased,balloon,red
train_biased\balloon\00154.png,train_biased,balloon,red
train_biased\balloon\00155.png,train_biased,balloon,red
train_biased\tennis_ball\00156.png,train_biased,tennis_ball,yellow_green
train_biased\tennis_ball\00157.png,train_biased,tennis_ball,yellow_green
train_biased\tennis_ball\00158.png,train_biased,tennis_ball,yellow_green
train_biased\balloon\00159.png,train_biased,balloon,red
train_biased\tennis_ball\00160.png,train_biased,tennis_ball,yellow_green
train_biased\tennis_ball\00161.png,train_biased,tennis_ball,yellow_green
train_biased\balloon\00162.png,train_biased,balloon,red
train_biased\tennis_ball\00163.png,train_biased,tennis_ball,yellow_green
train_biased\tennis_ball\00164.png,train_biased,tennis_ball,yellow_green
train_biased\tennis_ball\00165.png,train_biased,tennis_ball,yellow_green
train_biased\balloon\00166.png,train_biased,balloon,red
train_biased\tennis_ball\00167.png,train_biased,tennis_ball,yellow_green
train_biased\tennis_ball\00168.png,train_biased,tennis_ball,yellow_green
train_biased\tennis_ball\00169.png,train_biased,tennis_ball,yellow_green
train_biased\balloon\00170.png,train_biased,balloon,red
train_biased\balloon\00171.png,train_biased,balloon,red
train_biased\balloon\00172.png,train_biased,balloon,red
train_biased\balloon\00173.png,train_biased,balloon,red
train_biased\balloon\00174.png,train_biased,balloon,red
train_biased\balloon\00175.png,train_biased,balloon,red
train_biased\balloon\00176.png,train_biased,balloon,red
train_biased\tennis_ball\00177.png,train_biased,tennis_ball,yellow_green
train_biased\balloon\00178.png,train_biased,balloon,red
train_biased\balloon\00179.png,train_biased,balloon,red
train_biased\tennis_ball\00180.png,train_biased,tennis_ball,yellow_green
train_biased\balloon\00181.png,train_biased,balloon,red
train_biased\balloon\00182.png,train_biased,balloon,red
train_biased\balloon\00183.png,train_biased,balloon,red
train_biased\tennis_ball\00184.png,train_biased,tennis_ball,yellow_green
train_biased\tennis_ball\00185.png,train_biased,tennis_ball,yellow_green
train_biased\balloon\00186.png,train_biased,balloon,red
train_biased\tennis_ball\00187.png,train_biased,tennis_ball,yellow_green
train_biased\tennis_ball\00188.png,train_biased,tennis_ball,yellow_green
train_biased\tennis_ball\00189.png,train_biased,tennis_ball,yellow_green
train_biased\balloon\00190.png,train_biased,balloon,red
train_biased\tennis_ball\00191.png,train_biased,tennis_ball,yellow_green
train_biased\balloon\00192.png,train_biased,balloon,red
train_biased\balloon\00193.png,train_biased,balloon,red
train_biased\balloon\00194.png,train_biased,balloon,red
train_biased\tennis_ball\00195.png,train_biased,tennis_ball,yellow_green
train_biased\tennis_ball\00196.png,train_biased,tennis_ball,yellow_green
train_biased\balloon\00197.png,train_biased,balloon,red
train_biased\balloon\00198.png,train_biased,balloon,red
train_biased\balloon\00199.png,train_biased,balloon,red
train_biased\tennis_ball\00200.png,train_biased,tennis_ball,yellow_green
train_biased\tennis_ball\00201.png,train_biased,tennis_ball,yellow_green
train_biased\tennis_ball\00202.png,train_biased,tennis_ball,yellow_green
train_biased\balloon\00203.png,train_biased,balloon,red
train_biased\balloon\00204.png,train_biased,balloon,red
train_biased\balloon\00205.png,train_biased,balloon,red
train_biased\balloon\00206.png,train_biased,balloon,red
train_biased\balloon\00207.png,train_biased,balloon,red
train_biased\tennis_ball\00208.png,train_biased,tennis_ball,yellow_green
train_biased\balloon\00209.png,train_biased,balloon,red
train_biased\balloon\00210.png,train_biased,balloon,red
train_biased\balloon\00211.png,train_biased,balloon,red
train_biased\balloon\00212.png,train_biased,balloon,red
train_biased\tennis_ball\00213.png,train_biased,tennis_ball,yellow_green
train_biased\tennis_ball\00214.png,train_biased,tennis_ball,yellow_green
train_biased\tennis_ball\00215.png,train_biased,tennis_ball,yellow_green
train_biased\balloon\00216.png,train_biased,balloon,red
train_biased\balloon\00217.png,train_biased,balloon,red
train_biased\balloon\00218.png,train_biased,balloon,red
train_biased\tennis_ball\00219.png,train_biased,tennis_ball,yellow_green
train_biased\balloon\00220.png,train_biased,balloon,red
train_biased\tennis_ball\00221.png,train_biased,tennis_ball,yellow_green
train_biased\tennis_ball\00222.png,train_biased,tennis_ball,yellow_green
train_biased\tennis_ball\00223.png,train_biased,tennis_ball,yellow_green
train_biased\balloon\00224.png,train_biased,balloon,red
train_biased\balloon\00225.png,train_biased,balloon,red
train_biased\tennis_ball\00226.png,train_biased,tennis_ball,yellow_green
train_biased\balloon\00227.png,train_biased,balloon,red
train_biased\tennis_ball\00228.png,train_biased,tennis_ball,yellow_green
train_biased\tennis_ball\00229.png,train_biased,tennis_ball,yellow_green
train_biased\tennis_ball\00230.png,train_biased,tennis_ball,yellow_green
train_biased\tennis_ball\00231.png,train_biased,tennis_ball,yellow_green
train_biased\balloon\00232.png,train_biased,balloon,red
train_biased\balloon\00233.png,train_biased,balloon,red
train_biased\balloon\00234.png,train_biased,balloon,red
train_biased\tennis_ball\00235.png,train_biased,tennis_ball,yellow_green
train_biased\balloon\00236.png,train_biased,balloon,red
train_biased\balloon\00237.png,train_biased,balloon,red
train_biased\balloon\00238.png,train_biased,balloon,red
train_biased\balloon\00239.png,train_biased,balloon,red
train_biased\balloon\00240.png,train_biased,balloon,red
train_biased\balloon\00241.png,train_biased,balloon,red
train_biased\tennis_ball\00242.png,train_biased,tennis_ball,yellow_green
train_biased\balloon\00243.png,train_biased,balloon,red
train_biased\tennis_ball\00244.png,train_biased,tennis_ball,yellow_green
train_biased\tennis_ball\00245.png,train_biased,tennis_ball,yellow_green
train_biased\balloon\00246.png,train_biased,balloon,red
train_biased\tennis_ball\00247.png,train_biased,tennis_ball,yellow_green
train_biased\balloon\00248.png,train_biased,balloon,red
train_biased\tennis_ball\00249.png,train_biased,tennis_ball,yellow_green
train_biased\balloon\00250.png,train_biased,balloon,red
train_biased\tennis_ball\00251.png,train_biased,tennis_ball,yellow_green
train_biased\tennis_ball\00252.png,train_biased,tennis_ball,yellow_green
train_biased\tennis_ball\00253.png,train_biased,tennis_ball,yellow_green
train_biased\balloon\00254.png,train_biased,balloon,red
train_biased\tennis_ball\00255.png,train_biased,tennis_ball,yellow_green
train_biased\tennis_ball\00256.png,train_biased,tennis_ball,yellow_green
train_biased\balloon\00257.png,train_biased,balloon,red
train_biased\tennis_ball\00258.png,train_biased,tennis_ball,yellow_green
train_biased\balloon\00259.png,train_biased,balloon,red
train_biased\tennis_ball\00260.png,train_biased,tennis_ball,yellow_green
train_biased\balloon\00261.png,train_biased,balloon,red
train_biased\balloon\00262.png,train_biased,balloon,red
train_biased\tennis_ball\00263.png,train_biased,tennis_ball,yellow_green
train_biased\balloon\00264.png,train_biased,balloon,red
train_biased\balloon\00265.png,train_biased,balloon,red
train_biased\balloon\00266.png,train_biased,balloon,red
train_biased\tennis_ball\00267.png,train_biased,tennis_ball,yellow_green
train_biased\tennis_ball\00268.png,train_biased,tennis_ball,yellow_green
train_biased\tennis_ball\00269.png,train_biased,tennis_ball,yellow_green
train_biased\balloon\00270.png,train_biased,balloon,red
train_biased\tennis_ball\00271.png,train_biased,tennis_ball,yellow_green
train_biased\balloon\00272.png,train_biased,balloon,red
train_biased\balloon\00273.png,train_biased,balloon,red
train_biased\balloon\00274.png,train_biased,balloon,red
train_biased\balloon\00275.png,train_biased,balloon,red
train_biased\tennis_ball\00276.png,train_biased,tennis_ball,yellow_green
train_biased\balloon\00277.png,train_biased,balloon,red
train_biased\tennis_ball\00278.png,train_biased,tennis_ball,yellow_green
train_biased\balloon\00279.png,train_biased,balloon,red
train_biased\balloon\00280.png,train_biased,balloon,red
train_biased\tennis_ball\00281.png,train_biased,tennis_ball,yellow_green
train_biased\balloon\00282.png,train_biased,balloon,red
train_biased\balloon\00283.png,train_biased,balloon,red
train_biased\tennis_ball\00284.png,train_biased,tennis_ball,yellow_green
train_biased\tennis_ball\00285.png,train_biased,tennis_ball,yellow_green
train_biased\tennis_ball\00286.png,train_biased,tennis_ball,yellow_green
train_biased\balloon\00287.png,train_biased,balloon,red
train_biased\balloon\00288.png,train_biased,balloon,red
train_biased\balloon\00289.png,train_biased,balloon,red
train_biased\balloon\00290.png,train_biased,balloon,red
train_biased\balloon\00291.png,train_biased,balloon,red
train_biased\tennis_ball\00292.png,train_biased,tennis_ball,yellow_green
train_biased\tennis_ball\00293.png,train_biased,tennis_ball,yellow_green
train_biased\tennis_ball\00294.png,train_biased,tennis_ball,yellow_green
train_biased\tennis_ball\00295.png,train_biased,tennis_ball,yellow_green
train_biased\tennis_ball\00296.png,train_biased,tennis_ball,yellow_green
train_biased\tennis_ball\00297.png,train_biased,tennis_ball,yellow_green
train_biased\balloon\00298.png,train_biased,balloon,red
train_biased\balloon\00299.png,train_biased,balloon,red
train_biased\balloon\00300.png,train_biased,balloon,red
train_biased\tennis_ball\00301.png,train_biased,tennis_ball,yellow_green
train_biased\balloon\00302.png,train_biased,balloon,red
train_biased\tennis_ball\00303.png,train_biased,tennis_ball,yellow_green
train_biased\tennis_ball\00304.png,train_biased,tennis_ball,yellow_green
train_biased\balloon\00305.png,train_biased,balloon,red
train_biased\balloon\00306.png,train_biased,balloon,red
train_biased\balloon\00307.png,train_biased,balloon,red
train_biased\balloon\00308.png,train_biased,balloon,red
train_biased\balloon\00309.png,train_biased,balloon,red
train_biased\balloon\00310.png,train_biased,balloon,red
train_biased\balloon\00311.png,train_biased,balloon,red
train_biased\balloon\00312.png,train_biased,balloon,red
train_biased\balloon\00313.png,train_biased,balloon,red
train_biased\tennis_ball\00314.png,train_biased,tennis_ball,yellow_green
train_biased\balloon\00315.png,train_biased,balloon,red
train_biased\tennis_ball\00316.png,train_biased,tennis_ball,yellow_green
train_biased\balloon\00317.png,train_biased,balloon,red
train_biased\tennis_ball\00318.png,train_biased,tennis_ball,yellow_green
train_biased\balloon\00319.png,train_biased,balloon,red
train_biased\tennis_ball\00320.png,train_biased,tennis_ball,yellow_green
train_biased\tennis_ball\00321.png,train_biased,tennis_ball,yellow_green
train_biased\tennis_ball\00322.png,train_biased,tennis_ball,yellow_green
train_biased\balloon\00323.png,train_biased,balloon,red
train_biased\tennis_ball\00324.png,train_biased,tennis_ball,yellow_green
train_biased\tennis_ball\00325.png,train_biased,tennis_ball,yellow_green
train_biased\tennis_ball\00326.png,train_biased,tennis_ball,yellow_green
train_biased\tennis_ball\00327.png,train_biased,tennis_ball,yellow_green
train_biased\tennis_ball\00328.png,train_biased,tennis_ball,yellow_green
train_biased\tennis_ball\00329.png,train_biased,tennis_ball,yellow_green
train_biased\balloon\00330.png,train_biased,balloon,red
train_biased\tennis_ball\00331.png,train_biased,tennis_ball,yellow_green
train_biased\tennis_ball\00332.png,train_biased,tennis_ball,yellow_green
train_biased\balloon\00333.png,train_biased,balloon,red
train_biased\balloon\00334.png,train_biased,balloon,red
train_biased\tennis_ball\00335.png,train_biased,tennis_ball,yellow_green
train_biased\tennis_ball\00336.png,train_biased,tennis_ball,yellow_green
train_biased\balloon\00337.png,train_biased,balloon,red
train_biased\balloon\00338.png,train_biased,balloon,red
train_biased\balloon\00339.png,train_biased,balloon,red
train_biased\balloon\00340.png,train_biased,balloon,red
train_biased\tennis_ball\00341.png,train_biased,tennis_ball,yellow_green
train_biased\tennis_ball\00342.png,train_biased,tennis_ball,yellow_green
train_biased\balloon\00343.png,train_biased,balloon,red
train_biased\tennis_ball\00344.png,train_biased,tennis_ball,yellow_green
train_biased\tennis_ball\00345.png,train_biased,tennis_ball,yellow_green
train_biased\balloon\00346.png,train_biased,balloon,red
train_biased\tennis_ball\00347.png,train_biased,tennis_ball,yellow_green
train_biased\balloon\00348.png,train_biased,balloon,red
train_biased\tennis_ball\00349.png,train_biased,tennis_ball,yellow_green
train_biased\tennis_ball\00350.png,train_biased,tennis_ball,yellow_green
train_biased\balloon\00351.png,train_biased,balloon,red
train_biased\balloon\00352.png,train_biased,balloon,red
train_biased\balloon\00353.png,train_biased,balloon,red
train_biased\tennis_ball\00354.png,train_biased,tennis_ball,yellow_green
train_biased\tennis_ball\00355.png,train_biased,tennis_ball,yellow_green
train_biased\balloon\00356.png,train_biased,balloon,red
train_biased\tennis_ball\00357.png,train_biased,tennis_ball,yellow_green
train_biased\tennis_ball\00358.png,train_biased,tennis_ball,yellow_green
train_biased\tennis_ball\00359.png,train_biased,tennis_ball,yellow_green
train_biased\balloon\00360.png,train_biased,balloon,red
train_biased\balloon\00361.png,train_biased,balloon,red
train_biased\balloon\00362.png,train_biased,balloon,red
train_biased\balloon\00363.png,train_biased,balloon,red
train_biased\tennis_ball\00364.png,train_biased,tennis_ball,yellow_green
train_biased\tennis_ball\00365.png,train_biased,tennis_ball,yellow_green
train_biased\tennis_ball\00366.png,train_biased,tennis_ball,yellow_green
train_biased\tennis_ball\00367.png,train_biased,tennis_ball,yellow_green
train_biased\balloon\00368.png,train_biased,balloon,red
train_biased\tennis_ball\00369.png,train_biased,tennis_ball,yellow_green
train_biased\tennis_ball\00370.png,train_biased,tennis_ball,yellow_green
train_biased\balloon\00371.png,train_biased,balloon,red
train_biased\tennis_ball\00372.png,train_biased,tennis_ball,yellow_green
train_biased\balloon\00373.png,train_biased,balloon,red
train_biased\balloon\00374.png,train_biased,balloon,red
train_biased\tennis_ball\00375.png,train_biased,tennis_ball,yellow_green
train_biased\balloon\00376.png,train_biased,balloon,red
train_biased\balloon\00377.png,train_biased,balloon,red
train_biased\balloon\00378.png,train_biased,balloon,red
train_biased\balloon\00379.png,train_biased,balloon,red
train_biased\tennis_ball\00380.png,train_biased,tennis_ball,yellow_green
train_biased\balloon\00381.png,train_biased,balloon,red
train_biased\tennis_ball\00382.png,train_biased,tennis_ball,yellow_green
train_biased\balloon\00383.png,train_biased,balloon,red
train_biased\tennis_ball\00384.png,train_biased,tennis_ball,yellow_green
train_biased\tennis_ball\00385.png,train_biased,tennis_ball,yellow_green
train_biased\balloon\00386.png,train_biased,balloon,red
train_biased\tennis_ball\00387.png,train_biased,tennis_ball,yellow_green
train_biased\tennis_ball\00388.png,train_biased,tennis_ball,yellow_green
train_biased\tennis_ball\00389.png,train_biased,tennis_ball,yellow_green
train_biased\tennis_ball\00390.png,train_biased,tennis_ball,yellow_green
train_biased\balloon\00391.png,train_biased,balloon,red
train_biased\balloon\00392.png,train_biased,balloon,red
train_biased\tennis_ball\00393.png,train_biased,tennis_ball,yellow_green
train_biased\balloon\00394.png,train_biased,balloon,red
train_biased\balloon\00395.png,train_biased,balloon,red
train_biased\balloon\00396.png,train_biased,balloon,red
train_biased\balloon\00397.png,train_biased,balloon,red
train_biased\tennis_ball\00398.png,train_biased,tennis_ball,yellow_green
train_biased\tennis_ball\00399.png,train_biased,tennis_ball,yellow_green
train_biased\balloon\00400.png,train_biased,balloon,red
train_biased\tennis_ball\00401.png,train_biased,tennis_ball,yellow_green
train_biased\tennis_ball\00402.png,train_biased,tennis_ball,yellow_green
train_biased\balloon\00403.png,train_biased,balloon,red
train_biased\tennis_ball\00404.png,train_biased,tennis_ball,yellow_green
train_biased\balloon\00405.png,train_biased,balloon,red
train_biased\balloon\00406.png,train_biased,balloon,red
train_biased\balloon\00407.png,train_biased,balloon,red
train_biased\tennis_ball\00408.png,train_biased,tennis_ball,yellow_green
train_biased\balloon\00409.png,train_biased,balloon,red
train_biased\balloon\00410.png,train_biased,balloon,red
train_biased\balloon\00411.png,train_biased,balloon,red
train_biased\tennis_ball\00412.png,train_biased,tennis_ball,yellow_green
train_biased\tennis_ball\00413.png,train_biased,tennis_ball,yellow_green
train_biased\balloon\00414.png,train_biased,balloon,red
train_biased\balloon\00415.png,train_biased,balloon,red
train_biased\balloon\00416.png,train_biased,balloon,red
train_biased\tennis_ball\00417.png,train_biased,tennis_ball,yellow_green
train_biased\balloon\00418.png,train_biased,balloon,red
train_biased\tennis_ball\00419.png,train_biased,tennis_ball,yellow_green
train_biased\tennis_ball\00420.png,train_biased,tennis_ball,yellow_green
train_biased\balloon\00421.png,train_biased,balloon,red
train_biased\balloon\00422.png,train_biased,balloon,red
train_biased\balloon\00423.png,train_biased,balloon,red
train_biased\balloon\00424.png,train_biased,balloon,red
train_biased\tennis_ball\00425.png,train_biased,tennis_ball,yellow_green
train_biased\balloon\00426.png,train_biased,balloon,red
train_biased\tennis_ball\00427.png,train_biased,tennis_ball,yellow_green
train_biased\balloon\00428.png,train_biased,balloon,red
train_biased\balloon\00429.png,train_biased,balloon,red
train_biased\balloon\00430.png,train_biased,balloon,red
train_biased\tennis_ball\00431.png,train_biased,tennis_ball,yellow_green
train_biased\balloon\00432.png,train_biased,balloon,red
train_biased\tennis_ball\00433.png,train_biased,tennis_ball,yellow_green
train_biased\balloon\00434.png,train_biased,balloon,red
train_biased\balloon\00435.png,train_biased,balloon,red
train_biased\tennis_ball\00436.png,train_biased,tennis_ball,yellow_green
train_biased\balloon\00437.png,train_biased,balloon,red
train_biased\balloon\00438.png,train_biased,balloon,red
train_biased\balloon\00439.png,train_biased,balloon,red
train_biased\balloon\00440.png,train_biased,balloon,red
train_biased\balloon\00441.png,train_biased,balloon,red
train_biased\tennis_ball\00442.png,train_biased,tennis_ball,yellow_green
train_biased\balloon\00443.png,train_biased,balloon,red
train_biased\balloon\00444.png,train_biased,balloon,red
train_biased\tennis_ball\00445.png,train_biased,tennis_ball,yellow_green
train_biased\tennis_ball\00446.png,train_biased,tennis_ball,yellow_green
train_biased\tennis_ball\00447.png,train_biased,tennis_ball,yellow_green
train_biased\tennis_ball\00448.png,train_biased,tennis_ball,yellow_green
train_biased\tennis_ball\00449.png,train_biased,tennis_ball,yellow_green
train_biased\balloon\00450.png,train_biased,balloon,red
train_biased\balloon\00451.png,train_biased,balloon,red
train_biased\balloon\00452.png,train_biased,balloon,red
train_biased\balloon\00453.png,train_biased,balloon,red
train_biased\tennis_ball\00454.png,train_biased,tennis_ball,yellow_green
train_biased\balloon\00455.png,train_biased,balloon,red
train_biased\tennis_ball\00456.png,train_biased,tennis_ball,yellow_green
train_biased\balloon\00457.png,train_biased,balloon,red
train_biased\balloon\00458.png,train_biased,balloon,red
train_biased\balloon\00459.png,train_biased,balloon,red
train_biased\balloon\00460.png,train_biased,balloon,red
train_biased\tennis_ball\00461.png,train_biased,tennis_ball,yellow_green
train_biased\tennis_ball\00462.png,train_biased,tennis_ball,yellow_green
train_biased\tennis_ball\00463.png,train_biased,tennis_ball,yellow_green
train_biased\tennis_ball\00464.png,train_biased,tennis_ball,yellow_green
train_biased\tennis_ball\00465.png,train_biased,tennis_ball,yellow_green
train_biased\balloon\00466.png,train_biased,balloon,red
train_biased\tennis_ball\00467.png,train_biased,tennis_ball,yellow_green
train_biased\tennis_ball\00468.png,train_biased,tennis_ball,yellow_green
train_biased\balloon\00469.png,train_biased,balloon,red
train_biased\tennis_ball\00470.png,train_biased,tennis_ball,yellow_green
train_biased\balloon\00471.png,train_biased,balloon,red
train_biased\balloon\00472.png,train_biased,balloon,red
train_biased\tennis_ball\00473.png,train_biased,tennis_ball,yellow_green
train_biased\balloon\00474.png,train_biased,balloon,red
train_biased\tennis_ball\00475.png,train_biased,tennis_ball,yellow_green
train_biased\balloon\00476.png,train_biased,balloon,red
train_biased\balloon\00477.png,train_biased,balloon,red
train_biased\balloon\00478.png,train_biased,balloon,red
train_biased\tennis_ball\00479.png,train_biased,tennis_ball,yellow_green
train_biased\tennis_ball\00480.png,train_biased,tennis_ball,yellow_green
train_biased\tennis_ball\00481.png,train_biased,tennis_ball,yellow_green
train_biased\balloon\00482.png,train_biased,balloon,red
train_biased\tennis_ball\00483.png,train_biased,tennis_ball,yellow_green
train_biased\balloon\00484.png,train_biased,balloon,red
train_biased\balloon\00485.png,train_biased,balloon,red
train_biased\tennis_ball\00486.png,train_biased,tennis_ball,yellow_green
train_biased\tennis_ball\00487.png,train_biased,tennis_ball,yellow_green
train_biased\tennis_ball\00488.png,train_biased,tennis_ball,yellow_green
train_biased\balloon\00489.png,train_biased,balloon,red
train_biased\balloon\00490.png,train_biased,balloon,red
train_biased\balloon\00491.png,train_biased,balloon,red
train_biased\tennis_ball\00492.png,train_biased,tennis_ball,yellow_green
train_biased\tennis_ball\00493.png,train_biased,tennis_ball,yellow_green
train_biased\balloon\00494.png,train_biased,balloon,red
train_biased\tennis_ball\00495.png,train_biased,tennis_ball,yellow_green
train_biased\balloon\00496.png,train_biased,balloon,red
train_biased\balloon\00497.png,train_biased,balloon,red
train_biased\tennis_ball\00498.png,train_biased,tennis_ball,yellow_green
train_biased\balloon\00499.png,train_biased,balloon,red
train_biased\tennis_ball\00500.png,train_biased,tennis_ball,yellow_green
train_biased\tennis_ball\00501.png,train_biased,tennis_ball,yellow_green
train_biased\balloon\00502.png,train_biased,balloon,red
train_biased\balloon\00503.png,train_biased,balloon,red
train_biased\tennis_ball\00504.png,train_biased,tennis_ball,yellow_green
train_biased\tennis_ball\00505.png,train_biased,tennis_ball,yellow_green
train_biased\tennis_ball\00506.png,train_biased,tennis_ball,yellow_green
train_biased\balloon\00507.png,train_biased,balloon,red
train_biased\tennis_ball\00508.png,train_biased,tennis_ball,yellow_green
train_biased\tennis_ball\00509.png,train_biased,tennis_ball,yellow_green
train_biased\tennis_ball\00510.png,train_biased,tennis_ball,yellow_green
train_biased\tennis_ball\00511.png,train_biased,tennis_ball,yellow_green
train_biased\balloon\00512.png,train_biased,balloon,red
train_biased\tennis_ball\00513.png,train_biased,tennis_ball,yellow_green
train_biased\balloon\00514.png,train_biased,balloon,red
train_biased\balloon\00515.png,train_biased,balloon,red
train_biased\balloon\00516.png,train_biased,balloon,red
train_biased\balloon\00517.png,train_biased,balloon,red
train_biased\balloon\00518.png,train_biased,balloon,red
train_biased\balloon\00519.png,train_biased,balloon,red
train_biased\tennis_ball\00520.png,train_biased,tennis_ball,yellow_green
train_biased\balloon\00521.png,train_biased,balloon,red
train_biased\tennis_ball\00522.png,train_biased,tennis_ball,yellow_green
train_biased\balloon\00523.png,train_biased,balloon,red
train_biased\tennis_ball\00524.png,train_biased,tennis_ball,yellow_green
train_biased\balloon\00525.png,train_biased,balloon,red
train_biased\tennis_ball\00526.png,train_biased,tennis_ball,yellow_green
train_biased\tennis_ball\00527.png,train_biased,tennis_ball,yellow_green
train_biased\tennis_ball\00528.png,train_biased,tennis_ball,yellow_green
train_biased\tennis_ball\00529.png,train_biased,tennis_ball,yellow_green
train_biased\tennis_ball\00530.png,train_biased,tennis_ball,yellow_green
train_biased\balloon\00531.png,train_biased,balloon,red
train_biased\balloon\00532.png,train_biased,balloon,red
train_biased\tennis_ball\00533.png,train_biased,tennis_ball,yellow_green
train_biased\balloon\00534.png,train_biased,balloon,red
train_biased\balloon\00535.png,train_biased,balloon,red
train_biased\tennis_ball\00536.png,train_biased,tennis_ball,yellow_green
train_biased\tennis_ball\00537.png,train_biased,tennis_ball,yellow_green
train_biased\balloon\00538.png,train_biased,balloon,red
train_biased\tennis_ball\00539.png,train_biased,tennis_ball,yellow_green
train_biased\tennis_ball\00540.png,train_biased,tennis_ball,yellow_green
train_biased\balloon\00541.png,train_biased,balloon,red
train_biased\balloon\00542.png,train_biased,balloon,red
train_biased\balloon\00543.png,train_biased,balloon,red
train_biased\tennis_ball\00544.png,train_biased,tennis_ball,yellow_green
train_biased\balloon\00545.png,train_biased,balloon,red
train_biased\tennis_ball\00546.png,train_biased,tennis_ball,yellow_green
train_biased\balloon\00547.png,train_biased,balloon,red
train_biased\balloon\00548.png,train_biased,balloon,red
train_biased\balloon\00549.png,train_biased,balloon,red
train_biased\balloon\00550.png,train_biased,balloon,red
train_biased\tennis_ball\00551.png,train_biased,tennis_ball,yellow_green
train_biased\tennis_ball\00552.png,train_biased,tennis_ball,yellow_green
train_biased\balloon\00553.png,train_biased,balloon,red
train_biased\tennis_ball\00554.png,train_biased,tennis_ball,yellow_green
train_biased\tennis_ball\00555.png,train_biased,tennis_ball,yellow_green
train_biased\balloon\00556.png,train_biased,balloon,red
train_biased\tennis_ball\00557.png,train_biased,tennis_ball,yellow_green
train_biased\balloon\00558.png,train_biased,balloon,red
train_biased\tennis_ball\00559.png,train_biased,tennis_ball,yellow_green
train_biased\tennis_ball\00560.png,train_biased,tennis_ball,yellow_green
train_biased\balloon\00561.png,train_biased,balloon,red
train_biased\tennis_ball\00562.png,train_biased,tennis_ball,yellow_green
train_biased\tennis_ball\00563.png,train_biased,tennis_ball,yellow_green
train_biased\tennis_ball\00564.png,train_biased,tennis_ball,yellow_green
train_biased\balloon\00565.png,train_biased,balloon,red
train_biased\tennis_ball\00566.png,train_biased,tennis_ball,yellow_green
train_biased\balloon\00567.png,train_biased,balloon,red
train_biased\balloon\00568.png,train_biased,balloon,red
train_biased\tennis_ball\00569.png,train_biased,tennis_ball,yellow_green
train_biased\tennis_ball\00570.png,train_biased,tennis_ball,yellow_green
train_biased\tennis_ball\00571.png,train_biased,tennis_ball,yellow_green
train_biased\tennis_ball\00572.png,train_biased,tennis_ball,yellow_green
train_biased\tennis_ball\00573.png,train_biased,tennis_ball,yellow_green
train_biased\balloon\00574.png,train_biased,balloon,red
train_biased\tennis_ball\00575.png,train_biased,tennis_ball,yellow_green
train_biased\balloon\00576.png,train_biased,balloon,red
train_biased\tennis_ball\00577.png,train_biased,tennis_ball,yellow_green
train_biased\tennis_ball\00578.png,train_biased,tennis_ball,yellow_green
train_biased\tennis_ball\00579.png,train_biased,tennis_ball,yellow_green
train_biased\tennis_ball\00580.png,train_biased,tennis_ball,yellow_green
train_biased\balloon\00581.png,train_biased,balloon,red
train_biased\tennis_ball\00582.png,train_biased,tennis_ball,yellow_green
train_biased\balloon\00583.png,train_biased,balloon,red
train_biased\tennis_ball\00584.png,train_biased,tennis_ball,yellow_green
train_biased\balloon\00585.png,train_biased,balloon,red
train_biased\tennis_ball\00586.png,train_biased,tennis_ball,yellow_green
train_biased\balloon\00587.png,train_biased,balloon,red
train_biased\balloon\00588.png,train_biased,balloon,red
train_biased\balloon\00589.png,train_biased,balloon,red
train_biased\tennis_ball\00590.png,train_biased,tennis_ball,yellow_green
train_biased\tennis_ball\00591.png,train_biased,tennis_ball,yellow_green
train_biased\balloon\00592.png,train_biased,balloon,red
train_biased\balloon\00593.png,train_biased,balloon,red
train_biased\tennis_ball\00594.png,train_biased,tennis_ball,yellow_green
train_biased\tennis_ball\00595.png,train_biased,tennis_ball,yellow_green
train_biased\tennis_ball\00596.png,train_biased,tennis_ball,yellow_green
train_biased\tennis_ball\00597.png,train_biased,tennis_ball,yellow_green
train_biased\balloon\00598.png,train_biased,balloon,red
train_biased\balloon\00599.png,train_biased,balloon,red
train_biased\balloon\00600.png,train_biased,balloon,red
train_biased\balloon\00601.png,train_biased,balloon,red
train_biased\balloon\00602.png,train_biased,balloon,red
train_biased\balloon\00603.png,train_biased,balloon,red
train_biased\balloon\00604.png,train_biased,balloon,red
train_biased\tennis_ball\00605.png,train_biased,tennis_ball,yellow_green
train_biased\tennis_ball\00606.png,train_biased,tennis_ball,yellow_green
train_biased\balloon\00607.png,train_biased,balloon,red
train_biased\tennis_ball\00608.png,train_biased,tennis_ball,yellow_green
train_biased\balloon\00609.png,train_biased,balloon,red
train_biased\balloon\00610.png,train_biased,balloon,red
train_biased\tennis_ball\00611.png,train_biased,tennis_ball,yellow_green
train_biased\tennis_ball\00612.png,train_biased,tennis_ball,yellow_green
train_biased\tennis_ball\00613.png,train_biased,tennis_ball,yellow_green
train_biased\tennis_ball\00614.png,train_biased,tennis_ball,yellow_green
train_biased\tennis_ball\00615.png,train_biased,tennis_ball,yellow_green
train_biased\tennis_ball\00616.png,train_biased,tennis_ball,yellow_green
train_biased\tennis_ball\00617.png,train_biased,tennis_ball,yellow_green
train_biased\tennis_ball\00618.png,train_biased,tennis_ball,yellow_green
train_biased\tennis_ball\00619.png,train_biased,tennis_ball,yellow_green
train_biased\balloon\00620.png,train_biased,balloon,red
train_biased\balloon\00621.png,train_biased,balloon,red
train_biased\tennis_ball\00622.png,train_biased,tennis_ball,yellow_green
train_biased\tennis_ball\00623.png,train_biased,tennis_ball,yellow_green
train_biased\balloon\00624.png,train_biased,balloon,red
train_biased\tennis_ball\00625.png,train_biased,tennis_ball,yellow_green
train_biased\tennis_ball\00626.png,train_biased,tennis_ball,yellow_green
train_biased\tennis_ball\00627.png,train_biased,tennis_ball,yellow_green
train_biased\tennis_ball\00628.png,train_biased,tennis_ball,yellow_green
train_biased\balloon\00629.png,train_biased,balloon,red
train_biased\tennis_ball\00630.png,train_biased,tennis_ball,yellow_green
train_biased\balloon\00631.png,train_biased,balloon,red
train_biased\tennis_ball\00632.png,train_biased,tennis_ball,yellow_green
train_biased\balloon\00633.png,train_biased,balloon,red
train_biased\tennis_ball\00634.png,train_biased,tennis_ball,yellow_green
train_biased\tennis_ball\00635.png,train_biased,tennis_ball,yellow_green
train_biased\tennis_ball\00636.png,train_biased,tennis_ball,yellow_green
train_biased\tennis_ball\00637.png,train_biased,tennis_ball,yellow_green
train_biased\balloon\00638.png,train_biased,balloon,red
train_biased\balloon\00639.png,train_biased,balloon,red
train_biased\tennis_ball\00640.png,train_biased,tennis_ball,yellow_green
train_biased\balloon\00641.png,train_biased,balloon,red
train_biased\balloon\00642.png,train_biased,balloon,red
train_biased\balloon\00643.png,train_biased,balloon,red
train_biased\tennis_ball\00644.png,train_biased,tennis_ball,yellow_green
train_biased\tennis_ball\00645.png,train_biased,tennis_ball,yellow_green
train_biased\balloon\00646.png,train_biased,balloon,red
train_biased\balloon\00647.png,train_biased,balloon,red
train_biased\tennis_ball\00648.png,train_biased,tennis_ball,yellow_green
train_biased\balloon\00649.png,train_biased,balloon,red
train_biased\balloon\00650.png,train_biased,balloon,red
train_biased\balloon\00651.png,train_biased,balloon,red
train_biased\tennis_ball\00652.png,train_biased,tennis_ball,yellow_green
train_biased\tennis_ball\00653.png,train_biased,tennis_ball,yellow_green
train_biased\tennis_ball\00654.png,train_biased,tennis_ball,yellow_green
train_biased\tennis_ball\00655.png,train_biased,tennis_ball,yellow_green
train_biased\balloon\00656.png,train_biased,balloon,red
train_biased\balloon\00657.png,train_biased,balloon,red
train_biased\balloon\00658.png,train_biased,balloon,red
train_biased\tennis_ball\00659.png,train_biased,tennis_ball,yellow_green
train_biased\balloon\00660.png,train_biased,balloon,red
train_biased\tennis_ball\00661.png,train_biased,tennis_ball,yellow_green
train_biased\balloon\00662.png,train_biased,balloon,red
train_biased\balloon\00663.png,train_biased,balloon,red
train_biased\balloon\00664.png,train_biased,balloon,red
train_biased\balloon\00665.png,train_biased,balloon,red
train_biased\balloon\00666.png,train_biased,balloon,red
train_biased\balloon\00667.png,train_biased,balloon,red
train_biased\tennis_ball\00668.png,train_biased,tennis_ball,yellow_green
train_biased\balloon\00669.png,train_biased,balloon,red
train_biased\tennis_ball\00670.png,train_biased,tennis_ball,yellow_green
train_biased\balloon\00671.png,train_biased,balloon,red
train_biased\tennis_ball\00672.png,train_biased,tennis_ball,yellow_green
train_biased\balloon\00673.png,train_biased,balloon,red
train_biased\balloon\00674.png,train_biased,balloon,red
train_biased\tennis_ball\00675.png,train_biased,tennis_ball,yellow_green
train_biased\tennis_ball\00676.png,train_biased,tennis_ball,yellow_green
train_biased\balloon\00677.png,train_biased,balloon,red
train_biased\balloon\00678.png,train_biased,balloon,red
train_biased\tennis_ball\00679.png,train_biased,tennis_ball,yellow_green
train_biased\tennis_ball\00680.png,train_biased,tennis_ball,yellow_green
train_biased\balloon\00681.png,train_biased,balloon,red
train_biased\tennis_ball\00682.png,train_biased,tennis_ball,yellow_green
train_biased\tennis_ball\00683.png,train_biased,tennis_ball,yellow_green
train_biased\tennis_ball\00684.png,train_biased,tennis_ball,yellow_green
train_biased\balloon\00685.png,train_biased,balloon,red
train_biased\balloon\00686.png,train_biased,balloon,red
train_biased\balloon\00687.png,train_biased,balloon,red
train_biased\tennis_ball\00688.png,train_biased,tennis_ball,yellow_green
train_biased\tennis_ball\00689.png,train_biased,tennis_ball,yellow_green
train_biased\tennis_ball\00690.png,train_biased,tennis_ball,yellow_green
train_biased\balloon\00691.png,train_biased,balloon,red
train_biased\balloon\00692.png,train_biased,balloon,red
train_biased\balloon\00693.png,train_biased,balloon,red
train_biased\balloon\00694.png,train_biased,balloon,red
train_biased\tennis_ball\00695.png,train_biased,tennis_ball,yellow_green
train_biased\tennis_ball\00696.png,train_biased,tennis_ball,yellow_green
train_biased\balloon\00697.png,train_biased,balloon,red
train_biased\balloon\00698.png,train_biased,balloon,red
train_biased\balloon\00699.png,train_biased,balloon,red
train_biased\balloon\00700.png,train_biased,balloon,red
train_biased\balloon\00701.png,train_biased,balloon,red
train_biased\balloon\00702.png,train_biased,balloon,red
train_biased\tennis_ball\00703.png,train_biased,tennis_ball,yellow_green
train_biased\balloon\00704.png,train_biased,balloon,red
train_biased\balloon\00705.png,train_biased,balloon,red
train_biased\tennis_ball\00706.png,train_biased,tennis_ball,yellow_green
train_biased\balloon\00707.png,train_biased,balloon,red
train_biased\tennis_ball\00708.png,train_biased,tennis_ball,yellow_green
train_biased\balloon\00709.png,train_biased,balloon,red
train_biased\balloon\00710.png,train_biased,balloon,red
train_biased\balloon\00711.png,train_biased,balloon,red
train_biased\tennis_ball\00712.png,train_biased,tennis_ball,yellow_green
train_biased\tennis_ball\00713.png,train_biased,tennis_ball,yellow_green
train_biased\balloon\00714.png,train_biased,balloon,red
train_biased\tennis_ball\00715.png,train_biased,tennis_ball,yellow_green
train_biased\balloon\00716.png,train_biased,balloon,red
train_biased\tennis_ball\00717.png,train_biased,tennis_ball,yellow_green
train_biased\balloon\00718.png,train_biased,balloon,red
train_biased\balloon\00719.png,train_biased,balloon,red
train_biased\tennis_ball\00720.png,train_biased,tennis_ball,yellow_green
train_biased\tennis_ball\00721.png,train_biased,tennis_ball,yellow_green
train_biased\balloon\00722.png,train_biased,balloon,red
train_biased\tennis_ball\00723.png,train_biased,tennis_ball,yellow_green
train_biased\tennis_ball\00724.png,train_biased,tennis_ball,yellow_green
train_biased\balloon\00725.png,train_biased,balloon,red
train_biased\balloon\00726.png,train_biased,balloon,red
train_biased\tennis_ball\00727.png,train_biased,tennis_ball,yellow_green
train_biased\balloon\00728.png,train_biased,balloon,red
train_biased\tennis_ball\00729.png,train_biased,tennis_ball,yellow_green
train_biased\tennis_ball\00730.png,train_biased,tennis_ball,yellow_green
train_biased\balloon\00731.png,train_biased,balloon,red
train_biased\balloon\00732.png,train_biased,balloon,red
train_biased\balloon\00733.png,train_biased,balloon,red
train_biased\balloon\00734.png,train_biased,balloon,red
train_biased\balloon\00735.png,train_biased,balloon,red
train_biased\balloon\00736.png,train_biased,balloon,red
train_biased\balloon\00737.png,train_biased,balloon,red
train_biased\tennis_ball\00738.png,train_biased,tennis_ball,yellow_green
train_biased\tennis_ball\00739.png,train_biased,tennis_ball,yellow_green
train_biased\balloon\00740.png,train_biased,balloon,red
train_biased\balloon\00741.png,train_biased,balloon,red
train_biased\balloon\00742.png,train_biased,balloon,red
train_biased\balloon\00743.png,train_biased,balloon,red
train_biased\tennis_ball\00744.png,train_biased,tennis_ball,yellow_green
train_biased\balloon\00745.png,train_biased,balloon,red
train_biased\tennis_ball\00746.png,train_biased,tennis_ball,yellow_green
train_biased\tennis_ball\00747.png,train_biased,tennis_ball,yellow_green
train_biased\tennis_ball\00748.png,train_biased,tennis_ball,yellow_green
train_biased\tennis_ball\00749.png,train_biased,tennis_ball,yellow_green
train_biased\tennis_ball\00750.png,train_biased,tennis_ball,yellow_green
train_biased\balloon\00751.png,train_biased,balloon,red
train_biased\tennis_ball\00752.png,train_biased,tennis_ball,yellow_green
train_biased\tennis_ball\00753.png,train_biased,tennis_ball,yellow_green
train_biased\tennis_ball\00754.png,train_biased,tennis_ball,yellow_green
train_biased\balloon\00755.png,train_biased,balloon,red
train_biased\balloon\00756.png,train_biased,balloon,red
train_biased\tennis_ball\00757.png,train_biased,tennis_ball,yellow_green
train_biased\balloon\00758.png,train_biased,balloon,red
train_biased\tennis_ball\00759.png,train_biased,tennis_ball,yellow_green
train_biased\tennis_ball\00760.png,train_biased,tennis_ball,yellow_green
train_biased\balloon\00761.png,train_biased,balloon,red
train_biased\tennis_ball\00762.png,train_biased,tennis_ball,yellow_green
train_biased\tennis_ball\00763.png,train_biased,tennis_ball,yellow_green
train_biased\balloon\00764.png,train_biased,balloon,red
train_biased\tennis_ball\00765.png,train_biased,tennis_ball,yellow_green
train_biased\balloon\00766.png,train_biased,balloon,red
train_biased\balloon\00767.png,train_biased,balloon,red
train_biased\tennis_ball\00768.png,train_biased,tennis_ball,yellow_green
train_biased\balloon\00769.png,train_biased,balloon,red
train_biased\balloon\00770.png,train_biased,balloon,red
train_biased\balloon\00771.png,train_biased,balloon,red
train_biased\tennis_ball\00772.png,train_biased,tennis_ball,yellow_green
train_biased\tennis_ball\00773.png,train_biased,tennis_ball,yellow_green
train_biased\balloon\00774.png,train_biased,balloon,red
train_biased\balloon\00775.png,train_biased,balloon,red
train_biased\tennis_ball\00776.png,train_biased,tennis_ball,yellow_green
train_biased\balloon\00777.png,train_biased,balloon,red
train_biased\tennis_ball\00778.png,train_biased,tennis_ball,yellow_green
train_biased\tennis_ball\00779.png,train_biased,tennis_ball,yellow_green
train_biased\balloon\00780.png,train_biased,balloon,red
train_biased\tennis_ball\00781.png,train_biased,tennis_ball,yellow_green
train_biased\balloon\00782.png,train_biased,balloon,red
train_biased\tennis_ball\00783.png,train_biased,tennis_ball,yellow_green
train_biased\balloon\00784.png,train_biased,balloon,red
train_biased\balloon\00785.png,train_biased,balloon,red
train_biased\tennis_ball\00786.png,train_biased,tennis_ball,yellow_green
train_biased\tennis_ball\00787.png,train_biased,tennis_ball,yellow_green
train_biased\tennis_ball\00788.png,train_biased,tennis_ball,yellow_green
train_biased\tennis_ball\00789.png,train_biased,tennis_ball,yellow_green
train_biased\balloon\00790.png,train_biased,balloon,red
train_biased\balloon\00791.png,train_biased,balloon,red
train_biased\tennis_ball\00792.png,train_biased,tennis_ball,yellow_green
train_biased\tennis_ball\00793.png,train_biased,tennis_ball,yellow_green
train_biased\balloon\00794.png,train_biased,balloon,red
train_biased\balloon\00795.png,train_biased,balloon,red
train_biased\balloon\00796.png,train_biased,balloon,red
train_biased\tennis_ball\00797.png,train_biased,tennis_ball,yellow_green
train_biased\balloon\00798.png,train_biased,balloon,red
train_biased\tennis_ball\00799.png,train_biased,tennis_ball,yellow_green
train_biased\tennis_ball\00800.png,train_biased,tennis_ball,yellow_green
train_biased\tennis_ball\00801.png,train_biased,tennis_ball,yellow_green
train_biased\balloon\00802.png,train_biased,balloon,red
train_biased\balloon\00803.png,train_biased,balloon,red
train_biased\tennis_ball\00804.png,train_biased,tennis_ball,yellow_green
train_biased\balloon\00805.png,train_biased,balloon,red
train_biased\tennis_ball\00806.png,train_biased,tennis_ball,yellow_green
train_biased\tennis_ball\00807.png,train_biased,tennis_ball,yellow_green
train_biased\tennis_ball\00808.png,train_biased,tennis_ball,yellow_green
train_biased\balloon\00809.png,train_biased,balloon,red
train_biased\balloon\00810.png,train_biased,balloon,red
train_biased\tennis_ball\00811.png,train_biased,tennis_ball,yellow_green
train_biased\tennis_ball\00812.png,train_biased,tennis_ball,yellow_green
train_biased\balloon\00813.png,train_biased,balloon,red
train_biased\balloon\00814.png,train_biased,balloon,red
train_biased\balloon\00815.png,train_biased,balloon,red
train_biased\balloon\00816.png,train_biased,balloon,red
train_biased\tennis_ball\00817.png,train_biased,tennis_ball,yellow_green
train_biased\tennis_ball\00818.png,train_biased,tennis_ball,yellow_green
train_biased\balloon\00819.png,train_biased,balloon,red
train_biased\tennis_ball\00820.png,train_biased,tennis_ball,yellow_green
train_biased\tennis_ball\00821.png,train_biased,tennis_ball,yellow_green
train_biased\tennis_ball\00822.png,train_biased,tennis_ball,yellow_green
train_biased\tennis_ball\00823.png,train_biased,tennis_ball,yellow_green
train_biased\balloon\00824.png,train_biased,balloon,red
train_biased\tennis_ball\00825.png,train_biased,tennis_ball,yellow_green
train_biased\balloon\00826.png,train_biased,balloon,red
train_biased\tennis_ball\00827.png,train_biased,tennis_ball,yellow_green
train_biased\tennis_ball\00828.png,train_biased,tennis_ball,yellow_green
train_biased\balloon\00829.png,train_biased,balloon,red
train_biased\tennis_ball\00830.png,train_biased,tennis_ball,yellow_green
train_biased\balloon\00831.png,train_biased,balloon,red
train_biased\tennis_ball\00832.png,train_biased,tennis_ball,yellow_green
train_biased\balloon\00833.png,train_biased,balloon,red
train_biased\balloon\00834.png,train_biased,balloon,red
train_biased\tennis_ball\00835.png,train_biased,tennis_ball,yellow_green
train_biased\tennis_ball\00836.png,train_biased,tennis_ball,yellow_green
train_biased\balloon\00837.png,train_biased,balloon,red
train_biased\balloon\00838.png,train_biased,balloon,red
train_biased\tennis_ball\00839.png,train_biased,tennis_ball,yellow_green
train_biased\tennis_ball\00840.png,train_biased,tennis_ball,yellow_green
train_biased\balloon\00841.png,train_biased,balloon,red
train_biased\tennis_ball\00842.png,train_biased,tennis_ball,yellow_green
train_biased\balloon\00843.png,train_biased,balloon,red
train_biased\balloon\00844.png,train_biased,balloon,red
train_biased\tennis_ball\00845.png,train_biased,tennis_ball,yellow_green
train_biased\tennis_ball\00846.png,train_biased,tennis_ball,yellow_green
train_biased\tennis_ball\00847.png,train_biased,tennis_ball,yellow_green
train_biased\balloon\00848.png,train_biased,balloon,red
train_biased\tennis_ball\00849.png,train_biased,tennis_ball,yellow_green
train_biased\tennis_ball\00850.png,train_biased,tennis_ball,yellow_green
train_biased\balloon\00851.png,train_biased,balloon,red
train_biased\tennis_ball\00852.png,train_biased,tennis_ball,yellow_green
train_biased\tennis_ball\00853.png,train_biased,tennis_ball,yellow_green
train_biased\tennis_ball\00854.png,train_biased,tennis_ball,yellow_green
train_biased\balloon\00855.png,train_biased,balloon,red
train_biased\tennis_ball\00856.png,train_biased,tennis_ball,yellow_green
train_biased\tennis_ball\00857.png,train_biased,tennis_ball,yellow_green
train_biased\balloon\00858.png,train_biased,balloon,red
train_biased\balloon\00859.png,train_biased,balloon,red
train_biased\balloon\00860.png,train_biased,balloon,red
train_biased\tennis_ball\00861.png,train_biased,tennis_ball,yellow_green
train_biased\balloon\00862.png,train_biased,balloon,red
train_biased\tennis_ball\00863.png,train_biased,tennis_ball,yellow_green
train_biased\tennis_ball\00864.png,train_biased,tennis_ball,yellow_green
train_biased\tennis_ball\00865.png,train_biased,tennis_ball,yellow_green
train_biased\tennis_ball\00866.png,train_biased,tennis_ball,yellow_green
train_biased\balloon\00867.png,train_biased,balloon,red
train_biased\tennis_ball\00868.png,train_biased,tennis_ball,yellow_green
train_biased\balloon\00869.png,train_biased,balloon,red
train_biased\tennis_ball\00870.png,train_biased,tennis_ball,yellow_green
train_biased\tennis_ball\00871.png,train_biased,tennis_ball,yellow_green
train_biased\balloon\00872.png,train_biased,balloon,red
train_biased\tennis_ball\00873.png,train_biased,tennis_ball,yellow_green
train_biased\tennis_ball\00874.png,train_biased,tennis_ball,yellow_green
train_biased\balloon\00875.png,train_biased,balloon,red
train_biased\balloon\00876.png,train_biased,balloon,red
train_biased\tennis_ball\00877.png,train_biased,tennis_ball,yellow_green
train_biased\balloon\00878.png,train_biased,balloon,red
train_biased\balloon\00879.png,train_biased,balloon,red
train_biased\tennis_ball\00880.png,train_biased,tennis_ball,yellow_green
train_biased\balloon\00881.png,train_biased,balloon,red
train_biased\tennis_ball\00882.png,train_biased,tennis_ball,yellow_green
train_biased\balloon\00883.png,train_biased,balloon,red
train_biased\balloon\00884.png,train_biased,balloon,red
train_biased\tennis_ball\00885.png,train_biased,tennis_ball,yellow_green
train_biased\tennis_ball\00886.png,train_biased,tennis_ball,yellow_green
train_biased\balloon\00887.png,train_biased,balloon,red
train_biased\balloon\00888.png,train_biased,balloon,red
train_biased\balloon\00889.png,train_biased,balloon,red
train_biased\tennis_ball\00890.png,train_biased,tennis_ball,yellow_green
train_biased\balloon\00891.png,train_biased,balloon,red
train_biased\tennis_ball\00892.png,train_biased,tennis_ball,yellow_green
train_biased\tennis_ball\00893.png,train_biased,tennis_ball,yellow_green
train_biased\balloon\00894.png,train_biased,balloon,red
train_biased\tennis_ball\00895.png,train_biased,tennis_ball,yellow_green
train_biased\balloon\00896.png,train_biased,balloon,red
train_biased\balloon\00897.png,train_biased,balloon,red
train_biased\tennis_ball\00898.png,train_biased,tennis_ball,yellow_green
train_biased\tennis_ball\00899.png,train_biased,tennis_ball,yellow_green
train_biased\tennis_ball\00900.png,train_biased,tennis_ball,yellow_green
train_biased\balloon\00901.png,train_biased,balloon,red
train_biased\balloon\00902.png,train_biased,balloon,red
train_biased\balloon\00903.png,train_biased,balloon,red
train_biased\balloon\00904.png,train_biased,balloon,red
train_biased\balloon\00905.png,train_biased,balloon,red
train_biased\tennis_ball\00906.png,train_biased,tennis_ball,yellow_green
train_biased\tennis_ball\00907.png,train_biased,tennis_ball,yellow_green
train_biased\balloon\00908.png,train_biased,balloon,red
train_biased\balloon\00909.png,train_biased,balloon,red
train_biased\tennis_ball\00910.png,train_biased,tennis_ball,yellow_green
train_biased\balloon\00911.png,train_biased,balloon,red
train_biased\balloon\00912.png,train_biased,balloon,red
train_biased\balloon\00913.png,train_biased,balloon,red
train_biased\tennis_ball\00914.png,train_biased,tennis_ball,yellow_green
train_biased\balloon\00915.png,train_biased,balloon,red
train_biased\tennis_ball\00916.png,train_biased,tennis_ball,yellow_green
train_biased\balloon\00917.png,train_biased,balloon,red
train_biased\tennis_ball\00918.png,train_biased,tennis_ball,yellow_green
train_biased\balloon\00919.png,train_biased,balloon,red
train_biased\tennis_ball\00920.png,train_biased,tennis_ball,yellow_green
train_biased\tennis_ball\00921.png,train_biased,tennis_ball,yellow_green
train_biased\tennis_ball\00922.png,train_biased,tennis_ball,yellow_green
train_biased\balloon\00923.png,train_biased,balloon,red
train_biased\tennis_ball\00924.png,train_biased,tennis_ball,yellow_green
train_biased\balloon\00925.png,train_biased,balloon,red
train_biased\balloon\00926.png,train_biased,balloon,red
train_biased\tennis_ball\00927.png,train_biased,tennis_ball,yellow_green
train_biased\tennis_ball\00928.png,train_biased,tennis_ball,yellow_green
train_biased\tennis_ball\00929.png,train_biased,tennis_ball,yellow_green
train_biased\tennis_ball\00930.png,train_biased,tennis_ball,yellow_green
train_biased\tennis_ball\00931.png,train_biased,tennis_ball,yellow_green
train_biased\tennis_ball\00932.png,train_biased,tennis_ball,yellow_green
train_biased\tennis_ball\00933.png,train_biased,tennis_ball,yellow_green
train_biased\tennis_ball\00934.png,train_biased,tennis_ball,yellow_green
train_biased\balloon\00935.png,train_biased,balloon,red
train_biased\balloon\00936.png,train_biased,balloon,red
train_biased\balloon\00937.png,train_biased,balloon,red
train_biased\tennis_ball\00938.png,train_biased,tennis_ball,yellow_green
train_biased\balloon\00939.png,train_biased,balloon,red
train_biased\balloon\00940.png,train_biased,balloon,red
train_biased\balloon\00941.png,train_biased,balloon,red
train_biased\tennis_ball\00942.png,train_biased,tennis_ball,yellow_green
train_biased\balloon\00943.png,train_biased,balloon,red
train_biased\balloon\00944.png,train_biased,balloon,red
train_biased\tennis_ball\00945.png,train_biased,tennis_ball,yellow_green
train_biased\tennis_ball\00946.png,train_biased,tennis_ball,yellow_green
train_biased\balloon\00947.png,train_biased,balloon,red
train_biased\tennis_ball\00948.png,train_biased,tennis_ball,yellow_green
train_biased\tennis_ball\00949.png,train_biased,tennis_ball,yellow_green
train_biased\tennis_ball\00950.png,train_biased,tennis_ball,yellow_green
train_biased\tennis_ball\00951.png,train_biased,tennis_ball,yellow_green
train_biased\tennis_ball\00952.png,train_biased,tennis_ball,yellow_green
train_biased\balloon\00953.png,train_biased,balloon,red
train_biased\balloon\00954.png,train_biased,balloon,red
train_biased\tennis_ball\00955.png,train_biased,tennis_ball,yellow_green
train_biased\tennis_ball\00956.png,train_biased,tennis_ball,yellow_green
train_biased\balloon\00957.png,train_biased,balloon,red
train_biased\tennis_ball\00958.png,train_biased,tennis_ball,yellow_green
train_biased\balloon\00959.png,train_biased,balloon,red
train_biased\tennis_ball\00960.png,train_biased,tennis_ball,yellow_green
train_biased\balloon\00961.png,train_biased,balloon,red
train_biased\balloon\00962.png,train_biased,balloon,red
train_biased\tennis_ball\00963.png,train_biased,tennis_ball,yellow_green
train_biased\balloon\00964.png,train_biased,balloon,red
train_biased\balloon\00965.png,train_biased,balloon,red
train_biased\tennis_ball\00966.png,train_biased,tennis_ball,yellow_green
train_biased\balloon\00967.png,train_biased,balloon,red
train_biased\tennis_ball\00968.png,train_biased,tennis_ball,yellow_green
train_biased\tennis_ball\00969.png,train_biased,tennis_ball,yellow_green
train_biased\balloon\00970.png,train_biased,balloon,red
train_biased\balloon\00971.png,train_biased,balloon,red
train_biased\balloon\00972.png,train_biased,balloon,red
train_biased\balloon\00973.png,train_biased,balloon,red
train_biased\balloon\00974.png,train_biased,balloon,red
train_biased\tennis_ball\00975.png,train_biased,tennis_ball,yellow_green
train_biased\tennis_ball\00976.png,train_biased,tennis_ball,yellow_green
train_biased\tennis_ball\00977.png,train_biased,tennis_ball,yellow_green
train_biased\tennis_ball\00978.png,train_biased,tennis_ball,yellow_green
train_biased\tennis_ball\00979.png,train_biased,tennis_ball,yellow_green
train_biased\tennis_ball\00980.png,train_biased,tennis_ball,yellow_green
train_biased\balloon\00981.png,train_biased,balloon,red
train_biased\balloon\00982.png,train_biased,balloon,red
train_biased\balloon\00983.png,train_biased,balloon,red
train_biased\tennis_ball\00984.png,train_biased,tennis_ball,yellow_green
train_biased\tennis_ball\00985.png,train_biased,tennis_ball,yellow_green
train_biased\balloon\00986.png,train_biased,balloon,red
train_biased\tennis_ball\00987.png,train_biased,tennis_ball,yellow_green
train_biased\tennis_ball\00988.png,train_biased,tennis_ball,yellow_green
train_biased\tennis_ball\00989.png,train_biased,tennis_ball,yellow_green
train_biased\balloon\00990.png,train_biased,balloon,red
train_biased\tennis_ball\00991.png,train_biased,tennis_ball,yellow_green
train_biased\balloon\00992.png,train_biased,balloon,red
train_biased\tennis_ball\00993.png,train_biased,tennis_ball,yellow_green
train_biased\balloon\00994.png,train_biased,balloon,red
train_biased\balloon\00995.png,train_biased,balloon,red
train_biased\tennis_ball\00996.png,train_biased,tennis_ball,yellow_green
train_biased\balloon\00997.png,train_biased,balloon,red
train_biased\tennis_ball\00998.png,train_biased,tennis_ball,yellow_green
train_biased\tennis_ball\00999.png,train_biased,tennis_ball,yellow_green
train_balanced\balloon\00000.png,train_balanced,balloon,yellow_green
train_balanced\balloon\00001.png,train_balanced,balloon,red
train_balanced\balloon\00002.png,train_balanced,balloon,yellow_green
train_balanced\tennis_ball\00003.png,train_balanced,tennis_ball,yellow_green
train_balanced\balloon\00004.png,train_balanced,balloon,yellow_green
train_balanced\tennis_ball\00005.png,train_balanced,tennis_ball,red
train_balanced\balloon\00006.png,train_balanced,balloon,yellow_green
train_balanced\tennis_ball\00007.png,train_balanced,tennis_ball,yellow_green
train_balanced\tennis_ball\00008.png,train_balanced,tennis_ball,red
train_balanced\balloon\00009.png,train_balanced,balloon,red
train_balanced\tennis_ball\00010.png,train_balanced,tennis_ball,yellow_green
train_balanced\balloon\00011.png,train_balanced,balloon,red
train_balanced\balloon\00012.png,train_balanced,balloon,yellow_green
train_balanced\tennis_ball\00013.png,train_balanced,tennis_ball,red
train_balanced\balloon\00014.png,train_balanced,balloon,red
train_balanced\balloon\00015.png,train_balanced,balloon,red
train_balanced\tennis_ball\00016.png,train_balanced,tennis_ball,red
train_balanced\tennis_ball\00017.png,train_balanced,tennis_ball,yellow_green
train_balanced\balloon\00018.png,train_balanced,balloon,yellow_green
train_balanced\tennis_ball\00019.png,train_balanced,tennis_ball,yellow_green
train_balanced\balloon\00020.png,train_balanced,balloon,red
train_balanced\tennis_ball\00021.png,train_balanced,tennis_ball,yellow_green
train_balanced\balloon\00022.png,train_balanced,balloon,red
train_balanced\balloon\00023.png,train_balanced,balloon,yellow_green
train_balanced\tennis_ball\00024.png,train_balanced,tennis_ball,red
train_balanced\tennis_ball\00025.png,train_balanced,tennis_ball,red
train_balanced\balloon\00026.png,train_balanced,balloon,yellow_green
train_balanced\balloon\00027.png,train_balanced,balloon,red
train_balanced\tennis_ball\00028.png,train_balanced,tennis_ball,yellow_green
train_balanced\tennis_ball\00029.png,train_balanced,tennis_ball,yellow_green
train_balanced\tennis_ball\00030.png,train_balanced,tennis_ball,red
train_balanced\balloon\00031.png,train_balanced,balloon,red
train_balanced\balloon\00032.png,train_balanced,balloon,red
train_balanced\balloon\00033.png,train_balanced,balloon,red
train_balanced\tennis_ball\00034.png,train_balanced,tennis_ball,yellow_green
train_balanced\balloon\00035.png,train_balanced,balloon,red
train_balanced\balloon\00036.png,train_balanced,balloon,yellow_green
train_balanced\balloon\00037.png,train_balanced,balloon,red
train_balanced\tennis_ball\00038.png,train_balanced,tennis_ball,yellow_green
train_balanced\tennis_ball\00039.png,train_balanced,tennis_ball,yellow_green
train_balanced\balloon\00040.png,train_balanced,balloon,yellow_green
train_balanced\tennis_ball\00041.png,train_balanced,tennis_ball,yellow_green
train_balanced\tennis_ball\00042.png,train_balanced,tennis_ball,red
train_balanced\balloon\00043.png,train_balanced,balloon,yellow_green
train_balanced\tennis_ball\00044.png,train_balanced,tennis_ball,yellow_green
train_balanced\balloon\00045.png,train_balanced,balloon,yellow_green
train_balanced\balloon\00046.png,train_balanced,balloon,red
train_balanced\tennis_ball\00047.png,train_balanced,tennis_ball,yellow_green
train_balanced\balloon\00048.png,train_balanced,balloon,red
train_balanced\tennis_ball\00049.png,train_balanced,tennis_ball,red
train_balanced\tennis_ball\00050.png,train_balanced,tennis_ball,red
train_balanced\balloon\00051.png,train_balanced,balloon,red
train_balanced\tennis_ball\00052.png,train_balanced,tennis_ball,yellow_green
train_balanced\tennis_ball\00053.png,train_balanced,tennis_ball,red
train_balanced\balloon\00054.png,train_balanced,balloon,yellow_green
train_balanced\balloon\00055.png,train_balanced,balloon,red
train_balanced\balloon\00056.png,train_balanced,balloon,yellow_green
train_balanced\tennis_ball\00057.png,train_balanced,tennis_ball,yellow_green
train_balanced\balloon\00058.png,train_balanced,balloon,yellow_green
train_balanced\tennis_ball\00059.png,train_balanced,tennis_ball,red
train_balanced\balloon\00060.png,train_balanced,balloon,yellow_green
train_balanced\tennis_ball\00061.png,train_balanced,tennis_ball,yellow_green
train_balanced\tennis_ball\00062.png,train_balanced,tennis_ball,yellow_green
train_balanced\tennis_ball\00063.png,train_balanced,tennis_ball,red
train_balanced\balloon\00064.png,train_balanced,balloon,yellow_green
train_balanced\balloon\00065.png,train_balanced,balloon,yellow_green
train_balanced\balloon\00066.png,train_balanced,balloon,yellow_green
train_balanced\balloon\00067.png,train_balanced,balloon,red
train_balanced\tennis_ball\00068.png,train_balanced,tennis_ball,red
train_balanced\tennis_ball\00069.png,train_balanced,tennis_ball,yellow_green
train_balanced\tennis_ball\00070.png,train_balanced,tennis_ball,yellow_green
train_balanced\balloon\00071.png,train_balanced,balloon,red
train_balanced\balloon\00072.png,train_balanced,balloon,red
train_balanced\tennis_ball\00073.png,train_balanced,tennis_ball,yellow_green
train_balanced\balloon\00074.png,train_balanced,balloon,yellow_green
train_balanced\tennis_ball\00075.png,train_balanced,tennis_ball,yellow_green
train_balanced\balloon\00076.png,train_balanced,balloon,yellow_green
train_balanced\balloon\00077.png,train_balanced,balloon,yellow_green
train_balanced\tennis_ball\00078.png,train_balanced,tennis_ball,yellow_green
train_balanced\tennis_ball\00079.png,train_balanced,tennis_ball,red
train_balanced\balloon\00080.png,train_balanced,balloon,yellow_green
train_balanced\balloon\00081.png,train_balanced,balloon,red
train_balanced\tennis_ball\00082.png,train_balanced,tennis_ball,red
train_balanced\balloon\00083.png,train_balanced,balloon,red
train_balanced\tennis_ball\00084.png,train_balanced,tennis_ball,red
train_balanced\tennis_ball\00085.png,train_balanced,tennis_ball,yellow_green
train_balanced\balloon\00086.png,train_balanced,balloon,red
train_balanced\balloon\00087.png,train_balanced,balloon,red
train_balanced\tennis_ball\00088.png,train_balanced,tennis_ball,yellow_green
train_balanced\balloon\00089.png,train_balanced,balloon,yellow_green
train_balanced\tennis_ball\00090.png,train_balanced,tennis_ball,yellow_green
train_balanced\tennis_ball\00091.png,train_balanced,tennis_ball,red
train_balanced\tennis_ball\00092.png,train_balanced,tennis_ball,red
train_balanced\balloon\00093.png,train_balanced,balloon,red
train_balanced\tennis_ball\00094.png,train_balanced,tennis_ball,red
train_balanced\balloon\00095.png,train_balanced,balloon,red
train_balanced\tennis_ball\00096.png,train_balanced,tennis_ball,red
train_balanced\tennis_ball\00097.png,train_balanced,tennis_ball,red
train_balanced\balloon\00098.png,train_balanced,balloon,yellow_green
train_balanced\tennis_ball\00099.png,train_balanced,tennis_ball,yellow_green
train_balanced\balloon\00100.png,train_balanced,balloon,red
train_balanced\tennis_ball\00101.png,train_balanced,tennis_ball,red
train_balanced\tennis_ball\00102.png,train_balanced,tennis_ball,red
train_balanced\tennis_ball\00103.png,train_balanced,tennis_ball,red
train_balanced\balloon\00104.png,train_balanced,balloon,red
train_balanced\balloon\00105.png,train_balanced,balloon,yellow_green
train_balanced\tennis_ball\00106.png,train_balanced,tennis_ball,yellow_green
train_balanced\tennis_ball\00107.png,train_balanced,tennis_ball,yellow_green
train_balanced\tennis_ball\00108.png,train_balanced,tennis_ball,yellow_green
train_balanced\balloon\00109.png,train_balanced,balloon,red
train_balanced\balloon\00110.png,train_balanced,balloon,yellow_green
train_balanced\tennis_ball\00111.png,train_balanced,tennis_ball,yellow_green
train_balanced\tennis_ball\00112.png,train_balanced,tennis_ball,red
train_balanced\tennis_ball\00113.png,train_balanced,tennis_ball,red
train_balanced\balloon\00114.png,train_balanced,balloon,red
train_balanced\tennis_ball\00115.png,train_balanced,tennis_ball,red
train_balanced\balloon\00116.png,train_balanced,balloon,yellow_green
train_balanced\tennis_ball\00117.png,train_balanced,tennis_ball,yellow_green
train_balanced\balloon\00118.png,train_balanced,balloon,yellow_green
train_balanced\tennis_ball\00119.png,train_balanced,tennis_ball,yellow_green
train_balanced\tennis_ball\00120.png,train_balanced,tennis_ball,yellow_green
train_balanced\balloon\00121.png,train_balanced,balloon,red
train_balanced\balloon\00122.png,train_balanced,balloon,yellow_green
train_balanced\balloon\00123.png,train_balanced,balloon,yellow_green
train_balanced\tennis_ball\00124.png,train_balanced,tennis_ball,yellow_green
train_balanced\balloon\00125.png,train_balanced,balloon,red
train_balanced\tennis_ball\00126.png,train_balanced,tennis_ball,yellow_green
train_balanced\balloon\00127.png,train_balanced,balloon,red
train_balanced\balloon\00128.png,train_balanced,balloon,red
train_balanced\tennis_ball\00129.png,train_balanced,tennis_ball,red
train_balanced\balloon\00130.png,train_balanced,balloon,red
train_balanced\balloon\00131.png,train_balanced,balloon,yellow_green
train_balanced\tennis_ball\00132.png,train_balanced,tennis_ball,red
train_balanced\tennis_ball\00133.png,train_balanced,tennis_ball,yellow_green
train_balanced\tennis_ball\00134.png,train_balanced,tennis_ball,yellow_green
train_balanced\tennis_ball\00135.png,train_balanced,tennis_ball,red
train_balanced\tennis_ball\00136.png,train_balanced,tennis_ball,red
train_balanced\tennis_ball\00137.png,train_balanced,tennis_ball,red
train_balanced\tennis_ball\00138.png,train_balanced,tennis_ball,yellow_green
train_balanced\tennis_ball\00139.png,train_balanced,tennis_ball,yellow_green
train_balanced\balloon\00140.png,train_balanced,balloon,yellow_green
train_balanced\tennis_ball\00141.png,train_balanced,tennis_ball,yellow_green
train_balanced\tennis_ball\00142.png,train_balanced,tennis_ball,yellow_green
train_balanced\balloon\00143.png,train_balanced,balloon,red
train_balanced\tennis_ball\00144.png,train_balanced,tennis_ball,yellow_green
train_balanced\balloon\00145.png,train_balanced,balloon,red
train_balanced\balloon\00146.png,train_balanced,balloon,red
train_balanced\balloon\00147.png,train_balanced,balloon,yellow_green
train_balanced\balloon\00148.png,train_balanced,balloon,yellow_green
train_balanced\balloon\00149.png,train_balanced,balloon,red
train_balanced\balloon\00150.png,train_balanced,balloon,red
train_balanced\tennis_ball\00151.png,train_balanced,tennis_ball,red
train_balanced\tennis_ball\00152.png,train_balanced,tennis_ball,yellow_green
train_balanced\balloon\00153.png,train_balanced,balloon,yellow_green
train_balanced\tennis_ball\00154.png,train_balanced,tennis_ball,red
train_balanced\balloon\00155.png,train_balanced,balloon,yellow_green
train_balanced\balloon\00156.png,train_balanced,balloon,yellow_green
train_balanced\balloon\00157.png,train_balanced,balloon,yellow_green
train_balanced\tennis_ball\00158.png,train_balanced,tennis_ball,yellow_green
train_balanced\balloon\00159.png,train_balanced,balloon,yellow_green
train_balanced\balloon\00160.png,train_balanced,balloon,yellow_green
train_balanced\balloon\00161.png,train_balanced,balloon,red
train_balanced\balloon\00162.png,train_balanced,balloon,yellow_green
train_balanced\balloon\00163.png,train_balanced,balloon,yellow_green
train_balanced\balloon\00164.png,train_balanced,balloon,red
train_balanced\balloon\00165.png,train_balanced,balloon,yellow_green
train_balanced\balloon\00166.png,train_balanced,balloon,yellow_green
train_balanced\tennis_ball\00167.png,train_balanced,tennis_ball,red
train_balanced\tennis_ball\00168.png,train_balanced,tennis_ball,red
train_balanced\balloon\00169.png,train_balanced,balloon,red
train_balanced\balloon\00170.png,train_balanced,balloon,red
train_balanced\tennis_ball\00171.png,train_balanced,tennis_ball,yellow_green
train_balanced\balloon\00172.png,train_balanced,balloon,yellow_green
train_balanced\tennis_ball\00173.png,train_balanced,tennis_ball,yellow_green
train_balanced\balloon\00174.png,train_balanced,balloon,red
train_balanced\balloon\00175.png,train_balanced,balloon,red
train_balanced\balloon\00176.png,train_balanced,balloon,yellow_green
train_balanced\balloon\00177.png,train_balanced,balloon,red
train_balanced\balloon\00178.png,train_balanced,balloon,red
train_balanced\balloon\00179.png,train_balanced,balloon,red
train_balanced\tennis_ball\00180.png,train_balanced,tennis_ball,yellow_green
train_balanced\balloon\00181.png,train_balanced,balloon,red
train_balanced\balloon\00182.png,train_balanced,balloon,red
train_balanced\balloon\00183.png,train_balanced,balloon,red
train_balanced\tennis_ball\00184.png,train_balanced,tennis_ball,red
train_balanced\balloon\00185.png,train_balanced,balloon,red
train_balanced\balloon\00186.png,train_balanced,balloon,red
train_balanced\tennis_ball\00187.png,train_balanced,tennis_ball,yellow_green
train_balanced\tennis_ball\00188.png,train_balanced,tennis_ball,yellow_green
train_balanced\tennis_ball\00189.png,train_balanced,tennis_ball,yellow_green
train_balanced\tennis_ball\00190.png,train_balanced,tennis_ball,red
train_balanced\balloon\00191.png,train_balanced,balloon,yellow_green
train_balanced\tennis_ball\00192.png,train_balanced,tennis_ball,yellow_green
train_balanced\tennis_ball\00193.png,train_balanced,tennis_ball,yellow_green
train_balanced\tennis_ball\00194.png,train_balanced,tennis_ball,red
train_balanced\balloon\00195.png,train_balanced,balloon,red
train_balanced\tennis_ball\00196.png,train_balanced,tennis_ball,red
train_balanced\balloon\00197.png,train_balanced,balloon,red
train_balanced\tennis_ball\00198.png,train_balanced,tennis_ball,red
train_balanced\balloon\00199.png,train_balanced,balloon,yellow_green
train_balanced\tennis_ball\00200.png,train_balanced,tennis_ball,red
train_balanced\tennis_ball\00201.png,train_balanced,tennis_ball,red
train_balanced\tennis_ball\00202.png,train_balanced,tennis_ball,red
train_balanced\tennis_ball\00203.png,train_balanced,tennis_ball,yellow_green
train_balanced\balloon\00204.png,train_balanced,balloon,red
train_balanced\balloon\00205.png,train_balanced,balloon,yellow_green
train_balanced\balloon\00206.png,train_balanced,balloon,red
train_balanced\tennis_ball\00207.png,train_balanced,tennis_ball,yellow_green
train_balanced\balloon\00208.png,train_balanced,balloon,red
train_balanced\tennis_ball\00209.png,train_balanced,tennis_ball,red
train_balanced\tennis_ball\00210.png,train_balanced,tennis_ball,yellow_green
train_balanced\tennis_ball\00211.png,train_balanced,tennis_ball,red
train_balanced\tennis_ball\00212.png,train_balanced,tennis_ball,yellow_green
train_balanced\balloon\00213.png,train_balanced,balloon,red
train_balanced\tennis_ball\00214.png,train_balanced,tennis_ball,red
train_balanced\tennis_ball\00215.png,train_balanced,tennis_ball,red
train_balanced\balloon\00216.png,train_balanced,balloon,yellow_green
train_balanced\tennis_ball\00217.png,train_balanced,tennis_ball,yellow_green
train_balanced\tennis_ball\00218.png,train_balanced,tennis_ball,yellow_green
train_balanced\tennis_ball\00219.png,train_balanced,tennis_ball,red
train_balanced\tennis_ball\00220.png,train_balanced,tennis_ball,yellow_green
train_balanced\tennis_ball\00221.png,train_balanced,tennis_ball,red
train_balanced\balloon\00222.png,train_balanced,balloon,yellow_green
train_balanced\tennis_ball\00223.png,train_balanced,tennis_ball,red
train_balanced\balloon\00224.png,train_balanced,balloon,yellow_green
train_balanced\balloon\00225.png,train_balanced,balloon,yellow_green
train_balanced\balloon\00226.png,train_balanced,balloon,yellow_green
train_balanced\balloon\00227.png,train_balanced,balloon,yellow_green
train_balanced\tennis_ball\00228.png,train_balanced,tennis_ball,red
train_balanced\tennis_ball\00229.png,train_balanced,tennis_ball,yellow_green
train_balanced\tennis_ball\00230.png,train_balanced,tennis_ball,red
train_balanced\balloon\00231.png,train_balanced,balloon,red
train_balanced\balloon\00232.png,train_balanced,balloon,red
train_balanced\tennis_ball\00233.png,train_balanced,tennis_ball,yellow_green
train_balanced\balloon\00234.png,train_balanced,balloon,red
train_balanced\balloon\00235.png,train_balanced,balloon,yellow_green
train_balanced\balloon\00236.png,train_balanced,balloon,yellow_green
train_balanced\balloon\00237.png,train_balanced,balloon,yellow_green
train_balanced\balloon\00238.png,train_balanced,balloon,yellow_green
train_balanced\tennis_ball\00239.png,train_balanced,tennis_ball,yellow_green
train_balanced\tennis_ball\00240.png,train_balanced,tennis_ball,red
train_balanced\balloon\00241.png,train_balanced,balloon,red
train_balanced\balloon\00242.png,train_balanced,balloon,yellow_green
train_balanced\balloon\00243.png,train_balanced,balloon,yellow_green
train_balanced\balloon\00244.png,train_balanced,balloon,red
train_balanced\tennis_ball\00245.png,train_balanced,tennis_ball,yellow_green
train_balanced\tennis_ball\00246.png,train_balanced,tennis_ball,yellow_green
train_balanced\balloon\00247.png,train_balanced,balloon,yellow_green
train_balanced\tennis_ball\00248.png,train_balanced,tennis_ball,red
train_balanced\balloon\00249.png,train_balanced,balloon,red
train_balanced\tennis_ball\00250.png,train_balanced,tennis_ball,red
train_balanced\balloon\00251.png,train_balanced,balloon,red
train_balanced\balloon\00252.png,train_balanced,balloon,red
train_balanced\tennis_ball\00253.png,train_balanced,tennis_ball,red
train_balanced\balloon\00254.png,train_balanced,balloon,red
train_balanced\tennis_ball\00255.png,train_balanced,tennis_ball,red
train_balanced\tennis_ball\00256.png,train_balanced,tennis_ball,red
train_balanced\tennis_ball\00257.png,train_balanced,tennis_ball,red
train_balanced\balloon\00258.png,train_balanced,balloon,yellow_green
train_balanced\tennis_ball\00259.png,train_balanced,tennis_ball,yellow_green
train_balanced\tennis_ball\00260.png,train_balanced,tennis_ball,yellow_green
train_balanced\balloon\00261.png,train_balanced,balloon,yellow_green
train_balanced\tennis_ball\00262.png,train_balanced,tennis_ball,red
train_balanced\tennis_ball\00263.png,train_balanced,tennis_ball,red
train_balanced\balloon\00264.png,train_balanced,balloon,yellow_green
train_balanced\balloon\00265.png,train_balanced,balloon,red
train_balanced\balloon\00266.png,train_balanced,balloon,yellow_green
train_balanced\tennis_ball\00267.png,train_balanced,tennis_ball,red
train_balanced\tennis_ball\00268.png,train_balanced,tennis_ball,red
train_balanced\tennis_ball\00269.png,train_balanced,tennis_ball,yellow_green
train_balanced\tennis_ball\00270.png,train_balanced,tennis_ball,yellow_green
train_balanced\tennis_ball\00271.png,train_balanced,tennis_ball,red
train_balanced\balloon\00272.png,train_balanced,balloon,yellow_green
train_balanced\tennis_ball\00273.png,train_balanced,tennis_ball,red
train_balanced\tennis_ball\00274.png,train_balanced,tennis_ball,yellow_green
train_balanced\balloon\00275.png,train_balanced,balloon,red
train_balanced\balloon\00276.png,train_balanced,balloon,red
train_balanced\tennis_ball\00277.png,train_balanced,tennis_ball,red
train_balanced\balloon\00278.png,train_balanced,balloon,yellow_green
train_balanced\balloon\00279.png,train_balanced,balloon,yellow_green
train_balanced\tennis_ball\00280.png,train_balanced,tennis_ball,yellow_green
train_balanced\balloon\00281.png,train_balanced,balloon,yellow_green
train_balanced\balloon\00282.png,train_balanced,balloon,red
train_balanced\tennis_ball\00283.png,train_balanced,tennis_ball,yellow_green
train_balanced\balloon\00284.png,train_balanced,balloon,yellow_green
train_balanced\tennis_ball\00285.png,train_balanced,tennis_ball,red
train_balanced\tennis_ball\00286.png,train_balanced,tennis_ball,red
train_balanced\tennis_ball\00287.png,train_balanced,tennis_ball,yellow_green
train_balanced\tennis_ball\00288.png,train_balanced,tennis_ball,yellow_green
train_balanced\tennis_ball\00289.png,train_balanced,tennis_ball,red
train_balanced\balloon\00290.png,train_balanced,balloon,yellow_green
train_balanced\tennis_ball\00291.png,train_balanced,tennis_ball,yellow_green
train_balanced\balloon\00292.png,train_balanced,balloon,red
train_balanced\balloon\00293.png,train_balanced,balloon,red
train_balanced\balloon\00294.png,train_balanced,balloon,yellow_green
train_balanced\balloon\00295.png,train_balanced,balloon,yellow_green
train_balanced\tennis_ball\00296.png,train_balanced,tennis_ball,red
train_balanced\tennis_ball\00297.png,train_balanced,tennis_ball,yellow_green
train_balanced\balloon\00298.png,train_balanced,balloon,yellow_green
train_balanced\tennis_ball\00299.png,train_balanced,tennis_ball,yellow_green
train_balanced\balloon\00300.png,train_balanced,balloon,yellow_green
train_balanced\tennis_ball\00301.png,train_balanced,tennis_ball,yellow_green
train_balanced\balloon\00302.png,train_balanced,balloon,red
train_balanced\tennis_ball\00303.png,train_balanced,tennis_ball,yellow_green
train_balanced\tennis_ball\00304.png,train_balanced,tennis_ball,red
train_balanced\tennis_ball\00305.png,train_balanced,tennis_ball,yellow_green
train_balanced\tennis_ball\00306.png,train_balanced,tennis_ball,red
train_balanced\tennis_ball\00307.png,train_balanced,tennis_ball,red
train_balanced\tennis_ball\00308.png,train_balanced,tennis_ball,yellow_green
train_balanced\tennis_ball\00309.png,train_balanced,tennis_ball,red
train_balanced\tennis_ball\00310.png,train_balanced,tennis_ball,yellow_green
train_balanced\balloon\00311.png,train_balanced,balloon,red
train_balanced\balloon\00312.png,train_balanced,balloon,red
train_balanced\balloon\00313.png,train_balanced,balloon,red
train_balanced\tennis_ball\00314.png,train_balanced,tennis_ball,yellow_green
train_balanced\tennis_ball\00315.png,train_balanced,tennis_ball,red
train_balanced\balloon\00316.png,train_balanced,balloon,yellow_green
train_balanced\balloon\00317.png,train_balanced,balloon,red
train_balanced\tennis_ball\00318.png,train_balanced,tennis_ball,yellow_green
train_balanced\tennis_ball\00319.png,train_balanced,tennis_ball,yellow_green
train_balanced\tennis_ball\00320.png,train_balanced,tennis_ball,red
train_balanced\tennis_ball\00321.png,train_balanced,tennis_ball,yellow_green
train_balanced\balloon\00322.png,train_balanced,balloon,yellow_green
train_balanced\tennis_ball\00323.png,train_balanced,tennis_ball,yellow_green
train_balanced\balloon\00324.png,train_balanced,balloon,yellow_green
train_balanced\balloon\00325.png,train_balanced,balloon,red
train_balanced\tennis_ball\00326.png,train_balanced,tennis_ball,yellow_green
train_balanced\tennis_ball\00327.png,train_balanced,tennis_ball,red
train_balanced\balloon\00328.png,train_balanced,balloon,yellow_green
train_balanced\balloon\00329.png,train_balanced,balloon,yellow_green
train_balanced\tennis_ball\00330.png,train_balanced,tennis_ball,red
train_balanced\balloon\00331.png,train_balanced,balloon,red
train_balanced\tennis_ball\00332.png,train_balanced,tennis_ball,red
train_balanced\tennis_ball\00333.png,train_balanced,tennis_ball,yellow_green
train_balanced\tennis_ball\00334.png,train_balanced,tennis_ball,yellow_green
train_balanced\balloon\00335.png,train_balanced,balloon,red
train_balanced\tennis_ball\00336.png,train_balanced,tennis_ball,yellow_green
train_balanced\tennis_ball\00337.png,train_balanced,tennis_ball,red
train_balanced\tennis_ball\00338.png,train_balanced,tennis_ball,yellow_green
train_balanced\balloon\00339.png,train_balanced,balloon,red
train_balanced\tennis_ball\00340.png,train_balanced,tennis_ball,red
train_balanced\balloon\00341.png,train_balanced,balloon,red
train_balanced\tennis_ball\00342.png,train_balanced,tennis_ball,yellow_green
train_balanced\tennis_ball\00343.png,train_balanced,tennis_ball,red
train_balanced\balloon\00344.png,train_balanced,balloon,red
train_balanced\balloon\00345.png,train_balanced,balloon,yellow_green
train_balanced\balloon\00346.png,train_balanced,balloon,red
train_balanced\balloon\00347.png,train_balanced,balloon,yellow_green
train_balanced\tennis_ball\00348.png,train_balanced,tennis_ball,yellow_green
train_balanced\balloon\00349.png,train_balanced,balloon,yellow_green
train_balanced\tennis_ball\00350.png,train_balanced,tennis_ball,yellow_green
train_balanced\tennis_ball\00351.png,train_balanced,tennis_ball,red
train_balanced\balloon\00352.png,train_balanced,balloon,yellow_green
train_balanced\balloon\00353.png,train_balanced,balloon,yellow_green
train_balanced\balloon\00354.png,train_balanced,balloon,red
train_balanced\balloon\00355.png,train_balanced,balloon,yellow_green
train_balanced\balloon\00356.png,train_balanced,balloon,yellow_green
train_balanced\tennis_ball\00357.png,train_balanced,tennis_ball,yellow_green
train_balanced\tennis_ball\00358.png,train_balanced,tennis_ball,yellow_green
train_balanced\balloon\00359.png,train_balanced,balloon,yellow_green
train_balanced\balloon\00360.png,train_balanced,balloon,red
train_balanced\tennis_ball\00361.png,train_balanced,tennis_ball,red
train_balanced\balloon\00362.png,train_balanced,balloon,yellow_green
train_balanced\balloon\00363.png,train_balanced,balloon,yellow_green
train_balanced\balloon\00364.png,train_balanced,balloon,yellow_green
train_balanced\tennis_ball\00365.png,train_balanced,tennis_ball,yellow_green
train_balanced\balloon\00366.png,train_balanced,balloon,red
train_balanced\tennis_ball\00367.png,train_balanced,tennis_ball,yellow_green
train_balanced\balloon\00368.png,train_balanced,balloon,yellow_green
train_balanced\balloon\00369.png,train_balanced,balloon,red
train_balanced\tennis_ball\00370.png,train_balanced,tennis_ball,red
train_balanced\balloon\00371.png,train_balanced,balloon,yellow_green
train_balanced\balloon\00372.png,train_balanced,balloon,red
train_balanced\tennis_ball\00373.png,train_balanced,tennis_ball,red
train_balanced\tennis_ball\00374.png,train_balanced,tennis_ball,yellow_green
train_balanced\balloon\00375.png,train_balanced,balloon,yellow_green
train_balanced\tennis_ball\00376.png,train_balanced,tennis_ball,red
train_balanced\tennis_ball\00377.png,train_balanced,tennis_ball,yellow_green
train_balanced\tennis_ball\00378.png,train_balanced,tennis_ball,yellow_green
train_balanced\balloon\00379.png,train_balanced,balloon,red
train_balanced\balloon\00380.png,train_balanced,balloon,red
train_balanced\tennis_ball\00381.png,train_balanced,tennis_ball,red
train_balanced\balloon\00382.png,train_balanced,balloon,yellow_green
train_balanced\balloon\00383.png,train_balanced,balloon,yellow_green
train_balanced\balloon\00384.png,train_balanced,balloon,red
train_balanced\balloon\00385.png,train_balanced,balloon,red
train_balanced\tennis_ball\00386.png,train_balanced,tennis_ball,red
train_balanced\balloon\00387.png,train_balanced,balloon,red
train_balanced\tennis_ball\00388.png,train_balanced,tennis_ball,red
train_balanced\tennis_ball\00389.png,train_balanced,tennis_ball,red
train_balanced\balloon\00390.png,train_balanced,balloon,red
train_balanced\tennis_ball\00391.png,train_balanced,tennis_ball,red
train_balanced\tennis_ball\00392.png,train_balanced,tennis_ball,red
train_balanced\balloon\00393.png,train_balanced,balloon,yellow_green
train_balanced\balloon\00394.png,train_balanced,balloon,yellow_green
train_balanced\tennis_ball\00395.png,train_balanced,tennis_ball,red
train_balanced\tennis_ball\00396.png,train_balanced,tennis_ball,yellow_green
train_balanced\balloon\00397.png,train_balanced,balloon,red
train_balanced\tennis_ball\00398.png,train_balanced,tennis_ball,yellow_green
train_balanced\tennis_ball\00399.png,train_balanced,tennis_ball,red
train_balanced\balloon\00400.png,train_balanced,balloon,yellow_green
train_balanced\balloon\00401.png,train_balanced,balloon,red
train_balanced\balloon\00402.png,train_balanced,balloon,yellow_green
train_balanced\tennis_ball\00403.png,train_balanced,tennis_ball,yellow_green
train_balanced\balloon\00404.png,train_balanced,balloon,yellow_green
train_balanced\tennis_ball\00405.png,train_balanced,tennis_ball,red
train_balanced\balloon\00406.png,train_balanced,balloon,red
train_balanced\tennis_ball\00407.png,train_balanced,tennis_ball,yellow_green
train_balanced\balloon\00408.png,train_balanced,balloon,red
train_balanced\tennis_ball\00409.png,train_balanced,tennis_ball,yellow_green
train_balanced\tennis_ball\00410.png,train_balanced,tennis_ball,yellow_green
train_balanced\balloon\00411.png,train_balanced,balloon,yellow_green
train_balanced\balloon\00412.png,train_balanced,balloon,red
train_balanced\balloon\00413.png,train_balanced,balloon,red
train_balanced\balloon\00414.png,train_balanced,balloon,yellow_green
train_balanced\balloon\00415.png,train_balanced,balloon,red
train_balanced\tennis_ball\00416.png,train_balanced,tennis_ball,red
train_balanced\balloon\00417.png,train_balanced,balloon,yellow_green
train_balanced\balloon\00418.png,train_balanced,balloon,red
train_balanced\tennis_ball\00419.png,train_balanced,tennis_ball,red
train_balanced\tennis_ball\00420.png,train_balanced,tennis_ball,red
train_balanced\tennis_ball\00421.png,train_balanced,tennis_ball,red
train_balanced\balloon\00422.png,train_balanced,balloon,red
train_balanced\tennis_ball\00423.png,train_balanced,tennis_ball,red
train_balanced\balloon\00424.png,train_balanced,balloon,yellow_green
train_balanced\balloon\00425.png,train_balanced,balloon,yellow_green
train_balanced\tennis_ball\00426.png,train_balanced,tennis_ball,red
train_balanced\balloon\00427.png,train_balanced,balloon,red
train_balanced\tennis_ball\00428.png,train_balanced,tennis_ball,yellow_green
train_balanced\tennis_ball\00429.png,train_balanced,tennis_ball,red
train_balanced\balloon\00430.png,train_balanced,balloon,yellow_green
train_balanced\balloon\00431.png,train_balanced,balloon,yellow_green
train_balanced\balloon\00432.png,train_balanced,balloon,red
train_balanced\tennis_ball\00433.png,train_balanced,tennis_ball,red
train_balanced\tennis_ball\00434.png,train_balanced,tennis_ball,yellow_green
train_balanced\balloon\00435.png,train_balanced,balloon,red
train_balanced\balloon\00436.png,train_balanced,balloon,red
train_balanced\tennis_ball\00437.png,train_balanced,tennis_ball,red
train_balanced\balloon\00438.png,train_balanced,balloon,yellow_green
train_balanced\balloon\00439.png,train_balanced,balloon,red
train_balanced\balloon\00440.png,train_balanced,balloon,red
train_balanced\balloon\00441.png,train_balanced,balloon,yellow_green
train_balanced\tennis_ball\00442.png,train_balanced,tennis_ball,yellow_green
train_balanced\tennis_ball\00443.png,train_balanced,tennis_ball,red
train_balanced\balloon\00444.png,train_balanced,balloon,yellow_green
train_balanced\tennis_ball\00445.png,train_balanced,tennis_ball,yellow_green
train_balanced\tennis_ball\00446.png,train_balanced,tennis_ball,yellow_green
train_balanced\tennis_ball\00447.png,train_balanced,tennis_ball,yellow_green
train_balanced\tennis_ball\00448.png,train_balanced,tennis_ball,red
train_balanced\balloon\00449.png,train_balanced,balloon,yellow_green
train_balanced\balloon\00450.png,train_balanced,balloon,red
train_balanced\tennis_ball\00451.png,train_balanced,tennis_ball,red
train_balanced\balloon\00452.png,train_balanced,balloon,yellow_green
train_balanced\balloon\00453.png,train_balanced,balloon,yellow_green
train_balanced\tennis_ball\00454.png,train_balanced,tennis_ball,yellow_green
train_balanced\balloon\00455.png,train_balanced,balloon,red
train_balanced\tennis_ball\00456.png,train_balanced,tennis_ball,red
train_balanced\balloon\00457.png,train_balanced,balloon,yellow_green
train_balanced\balloon\00458.png,train_balanced,balloon,yellow_green
train_balanced\balloon\00459.png,train_balanced,balloon,yellow_green
train_balanced\balloon\00460.png,train_balanced,balloon,red
train_balanced\balloon\00461.png,train_balanced,balloon,red
train_balanced\tennis_ball\00462.png,train_balanced,tennis_ball,yellow_green
train_balanced\tennis_ball\00463.png,train_balanced,tennis_ball,red
train_balanced\tennis_ball\00464.png,train_balanced,tennis_ball,red
train_balanced\tennis_ball\00465.png,train_balanced,tennis_ball,yellow_green
train_balanced\tennis_ball\00466.png,train_balanced,tennis_ball,red
train_balanced\balloon\00467.png,train_balanced,balloon,red
train_balanced\balloon\00468.png,train_balanced,balloon,yellow_green
train_balanced\tennis_ball\00469.png,train_balanced,tennis_ball,red
train_balanced\tennis_ball\00470.png,train_balanced,tennis_ball,yellow_green
train_balanced\tennis_ball\00471.png,train_balanced,tennis_ball,red
train_balanced\tennis_ball\00472.png,train_balanced,tennis_ball,yellow_green
train_balanced\tennis_ball\00473.png,train_balanced,tennis_ball,yellow_green
train_balanced\balloon\00474.png,train_balanced,balloon,yellow_green
train_balanced\tennis_ball\00475.png,train_balanced,tennis_ball,yellow_green
train_balanced\tennis_ball\00476.png,train_balanced,tennis_ball,red
train_balanced\tennis_ball\00477.png,train_balanced,tennis_ball,yellow_green
train_balanced\tennis_ball\00478.png,train_balanced,tennis_ball,red
train_balanced\tennis_ball\00479.png,train_balanced,tennis_ball,red
train_balanced\tennis_ball\00480.png,train_balanced,tennis_ball,red
train_balanced\tennis_ball\00481.png,train_balanced,tennis_ball,yellow_green
train_balanced\balloon\00482.png,train_balanced,balloon,yellow_green
train_balanced\tennis_ball\00483.png,train_balanced,tennis_ball,yellow_green
train_balanced\balloon\00484.png,train_balanced,balloon,red
train_balanced\tennis_ball\00485.png,train_balanced,tennis_ball,red
train_balanced\tennis_ball\00486.png,train_balanced,tennis_ball,yellow_green
train_balanced\balloon\00487.png,train_balanced,balloon,yellow_green
train_balanced\tennis_ball\00488.png,train_balanced,tennis_ball,yellow_green
train_balanced\tennis_ball\00489.png,train_balanced,tennis_ball,red
train_balanced\tennis_ball\00490.png,train_balanced,tennis_ball,red
train_balanced\tennis_ball\00491.png,train_balanced,tennis_ball,red
train_balanced\tennis_ball\00492.png,train_balanced,tennis_ball,red
train_balanced\tennis_ball\00493.png,train_balanced,tennis_ball,yellow_green
train_balanced\tennis_ball\00494.png,train_balanced,tennis_ball,red
train_balanced\balloon\00495.png,train_balanced,balloon,yellow_green
train_balanced\tennis_ball\00496.png,train_balanced,tennis_ball,yellow_green
train_balanced\tennis_ball\00497.png,train_balanced,tennis_ball,yellow_green
train_balanced\balloon\00498.png,train_balanced,balloon,red
train_balanced\tennis_ball\00499.png,train_balanced,tennis_ball,yellow_green
train_balanced\tennis_ball\00500.png,train_balanced,tennis_ball,red
train_balanced\tennis_ball\00501.png,train_balanced,tennis_ball,yellow_green
train_balanced\tennis_ball\00502.png,train_balanced,tennis_ball,red
train_balanced\balloon\00503.png,train_balanced,balloon,yellow_green
train_balanced\tennis_ball\00504.png,train_balanced,tennis_ball,red
train_balanced\tennis_ball\00505.png,train_balanced,tennis_ball,yellow_green
train_balanced\balloon\00506.png,train_balanced,balloon,yellow_green
train_balanced\tennis_ball\00507.png,train_balanced,tennis_ball,red
train_balanced\tennis_ball\00508.png,train_balanced,tennis_ball,yellow_green
train_balanced\balloon\00509.png,train_balanced,balloon,red
train_balanced\balloon\00510.png,train_balanced,balloon,red
train_balanced\tennis_ball\00511.png,train_balanced,tennis_ball,red
train_balanced\tennis_ball\00512.png,train_balanced,tennis_ball,yellow_green
train_balanced\balloon\00513.png,train_balanced,balloon,yellow_green
train_balanced\tennis_ball\00514.png,train_balanced,tennis_ball,red
train_balanced\tennis_ball\00515.png,train_balanced,tennis_ball,red
train_balanced\balloon\00516.png,train_balanced,balloon,yellow_green
train_balanced\balloon\00517.png,train_balanced,balloon,yellow_green
train_balanced\balloon\00518.png,train_balanced,balloon,yellow_green
train_balanced\balloon\00519.png,train_balanced,balloon,red
train_balanced\balloon\00520.png,train_balanced,balloon,yellow_green
train_balanced\tennis_ball\00521.png,train_balanced,tennis_ball,yellow_green
train_balanced\balloon\00522.png,train_balanced,balloon,yellow_green
train_balanced\tennis_ball\00523.png,train_balanced,tennis_ball,red
train_balanced\tennis_ball\00524.png,train_balanced,tennis_ball,yellow_green
train_balanced\tennis_ball\00525.png,train_balanced,tennis_ball,red
train_balanced\tennis_ball\00526.png,train_balanced,tennis_ball,yellow_green
train_balanced\balloon\00527.png,train_balanced,balloon,red
train_balanced\balloon\00528.png,train_balanced,balloon,red
train_balanced\balloon\00529.png,train_balanced,balloon,red
train_balanced\balloon\00530.png,train_balanced,balloon,yellow_green
train_balanced\tennis_ball\00531.png,train_balanced,tennis_ball,yellow_green
train_balanced\tennis_ball\00532.png,train_balanced,tennis_ball,red
train_balanced\tennis_ball\00533.png,train_balanced,tennis_ball,red
train_balanced\balloon\00534.png,train_balanced,balloon,red
train_balanced\balloon\00535.png,train_balanced,balloon,yellow_green
train_balanced\balloon\00536.png,train_balanced,balloon,red
train_balanced\balloon\00537.png,train_balanced,balloon,red
train_balanced\tennis_ball\00538.png,train_balanced,tennis_ball,red
train_balanced\balloon\00539.png,train_balanced,balloon,yellow_green
train_balanced\tennis_ball\00540.png,train_balanced,tennis_ball,yellow_green
train_balanced\tennis_ball\00541.png,train_balanced,tennis_ball,yellow_green
train_balanced\tennis_ball\00542.png,train_balanced,tennis_ball,yellow_green
train_balanced\balloon\00543.png,train_balanced,balloon,yellow_green
train_balanced\tennis_ball\00544.png,train_balanced,tennis_ball,yellow_green
train_balanced\tennis_ball\00545.png,train_balanced,tennis_ball,red
train_balanced\balloon\00546.png,train_balanced,balloon,yellow_green
train_balanced\balloon\00547.png,train_balanced,balloon,red
train_balanced\balloon\00548.png,train_balanced,balloon,red
train_balanced\balloon\00549.png,train_balanced,balloon,red
train_balanced\tennis_ball\00550.png,train_balanced,tennis_ball,yellow_green
train_balanced\tennis_ball\00551.png,train_balanced,tennis_ball,red
train_balanced\tennis_ball\00552.png,train_balanced,tennis_ball,yellow_green
train_balanced\balloon\00553.png,train_balanced,balloon,yellow_green
train_balanced\tennis_ball\00554.png,train_balanced,tennis_ball,red
train_balanced\tennis_ball\00555.png,train_balanced,tennis_ball,red
train_balanced\balloon\00556.png,train_balanced,balloon,red
train_balanced\balloon\00557.png,train_balanced,balloon,red
train_balanced\balloon\00558.png,train_balanced,balloon,red
train_balanced\balloon\00559.png,train_balanced,balloon,red
train_balanced\tennis_ball\00560.png,train_balanced,tennis_ball,yellow_green
train_balanced\balloon\00561.png,train_balanced,balloon,yellow_green
train_balanced\balloon\00562.png,train_balanced,balloon,red
train_balanced\tennis_ball\00563.png,train_balanced,tennis_ball,yellow_green
train_balanced\balloon\00564.png,train_balanced,balloon,yellow_green
train_balanced\balloon\00565.png,train_balanced,balloon,red
train_balanced\balloon\00566.png,train_balanced,balloon,red
train_balanced\balloon\00567.png,train_balanced,balloon,yellow_green
train_balanced\tennis_ball\00568.png,train_balanced,tennis_ball,red
train_balanced\balloon\00569.png,train_balanced,balloon,red
train_balanced\tennis_ball\00570.png,train_balanced,tennis_ball,red
train_balanced\tennis_ball\00571.png,train_balanced,tennis_ball,yellow_green
train_balanced\tennis_ball\00572.png,train_balanced,tennis_ball,red
train_balanced\balloon\00573.png,train_balanced,balloon,red
train_balanced\balloon\00574.png,train_balanced,balloon,yellow_green
train_balanced\tennis_ball\00575.png,train_balanced,tennis_ball,red
train_balanced\balloon\00576.png,train_balanced,balloon,red
train_balanced\balloon\00577.png,train_balanced,balloon,yellow_green
train_balanced\balloon\00578.png,train_balanced,balloon,red
train_balanced\tennis_ball\00579.png,train_balanced,tennis_ball,yellow_green
train_balanced\tennis_ball\00580.png,train_balanced,tennis_ball,red
train_balanced\tennis_ball\00581.png,train_balanced,tennis_ball,yellow_green
train_balanced\balloon\00582.png,train_balanced,balloon,yellow_green
train_balanced\balloon\00583.png,train_balanced,balloon,yellow_green
train_balanced\tennis_ball\00584.png,train_balanced,tennis_ball,yellow_green
train_balanced\tennis_ball\00585.png,train_balanced,tennis_ball,red
train_balanced\tennis_ball\00586.png,train_balanced,tennis_ball,red
train_balanced\tennis_ball\00587.png,train_balanced,tennis_ball,yellow_green
train_balanced\balloon\00588.png,train_balanced,balloon,yellow_green
train_balanced\tennis_ball\00589.png,train_balanced,tennis_ball,red
train_balanced\tennis_ball\00590.png,train_balanced,tennis_ball,red
train_balanced\tennis_ball\00591.png,train_balanced,tennis_ball,yellow_green
train_balanced\tennis_ball\00592.png,train_balanced,tennis_ball,red
train_balanced\balloon\00593.png,train_balanced,balloon,red
train_balanced\tennis_ball\00594.png,train_balanced,tennis_ball,yellow_green
train_balanced\tennis_ball\00595.png,train_balanced,tennis_ball,yellow_green
train_balanced\tennis_ball\00596.png,train_balanced,tennis_ball,yellow_green
train_balanced\tennis_ball\00597.png,train_balanced,tennis_ball,red
train_balanced\balloon\00598.png,train_balanced,balloon,yellow_green
train_balanced\tennis_ball\00599.png,train_balanced,tennis_ball,yellow_green
train_balanced\tennis_ball\00600.png,train_balanced,tennis_ball,red
train_balanced\balloon\00601.png,train_balanced,balloon,red
train_balanced\balloon\00602.png,train_balanced,balloon,red
train_balanced\balloon\00603.png,train_balanced,balloon,red
train_balanced\balloon\00604.png,train_balanced,balloon,yellow_green
train_balanced\balloon\00605.png,train_balanced,balloon,yellow_green
train_balanced\balloon\00606.png,train_balanced,balloon,red
train_balanced\balloon\00607.png,train_balanced,balloon,red
train_balanced\balloon\00608.png,train_balanced,balloon,yellow_green
train_balanced\tennis_ball\00609.png,train_balanced,tennis_ball,yellow_green
train_balanced\balloon\00610.png,train_balanced,balloon,red
train_balanced\balloon\00611.png,train_balanced,balloon,red
train_balanced\balloon\00612.png,train_balanced,balloon,yellow_green
train_balanced\balloon\00613.png,train_balanced,balloon,red
train_balanced\tennis_ball\00614.png,train_balanced,tennis_ball,yellow_green
train_balanced\tennis_ball\00615.png,train_balanced,tennis_ball,red
train_balanced\balloon\00616.png,train_balanced,balloon,red
train_balanced\tennis_ball\00617.png,train_balanced,tennis_ball,red
train_balanced\balloon\00618.png,train_balanced,balloon,red
train_balanced\balloon\00619.png,train_balanced,balloon,yellow_green
train_balanced\balloon\00620.png,train_balanced,balloon,red
train_balanced\tennis_ball\00621.png,train_balanced,tennis_ball,yellow_green
train_balanced\balloon\00622.png,train_balanced,balloon,yellow_green
train_balanced\balloon\00623.png,train_balanced,balloon,red
train_balanced\balloon\00624.png,train_balanced,balloon,red
train_balanced\balloon\00625.png,train_balanced,balloon,red
train_balanced\balloon\00626.png,train_balanced,balloon,red
train_balanced\tennis_ball\00627.png,train_balanced,tennis_ball,red
train_balanced\balloon\00628.png,train_balanced,balloon,red
train_balanced\balloon\00629.png,train_balanced,balloon,red
train_balanced\tennis_ball\00630.png,train_balanced,tennis_ball,red
train_balanced\balloon\00631.png,train_balanced,balloon,yellow_green
train_balanced\balloon\00632.png,train_balanced,balloon,yellow_green
train_balanced\balloon\00633.png,train_balanced,balloon,red
train_balanced\balloon\00634.png,train_balanced,balloon,red
train_balanced\balloon\00635.png,train_balanced,balloon,yellow_green
train_balanced\balloon\00636.png,train_balanced,balloon,yellow_green
train_balanced\tennis_ball\00637.png,train_balanced,tennis_ball,red
train_balanced\tennis_ball\00638.png,train_balanced,tennis_ball,yellow_green
train_balanced\balloon\00639.png,train_balanced,balloon,red
train_balanced\tennis_ball\00640.png,train_balanced,tennis_ball,red
train_balanced\balloon\00641.png,train_balanced,balloon,red
train_balanced\balloon\00642.png,train_balanced,balloon,red
train_balanced\balloon\00643.png,train_balanced,balloon,red
train_balanced\tennis_ball\00644.png,train_balanced,tennis_ball,yellow_green
train_balanced\tennis_ball\00645.png,train_balanced,tennis_ball,red
train_balanced\balloon\00646.png,train_balanced,balloon,red
train_balanced\balloon\00647.png,train_balanced,balloon,red
train_balanced\balloon\00648.png,train_balanced,balloon,red
train_balanced\balloon\00649.png,train_balanced,balloon,red
train_balanced\balloon\00650.png,train_balanced,balloon,yellow_green
train_balanced\tennis_ball\00651.png,train_balanced,tennis_ball,yellow_green
train_balanced\balloon\00652.png,train_balanced,balloon,red
train_balanced\tennis_ball\00653.png,train_balanced,tennis_ball,red
train_balanced\balloon\00654.png,train_balanced,balloon,yellow_green
train_balanced\tennis_ball\00655.png,train_balanced,tennis_ball,yellow_green
train_balanced\tennis_ball\00656.png,train_balanced,tennis_ball,red
train_balanced\tennis_ball\00657.png,train_balanced,tennis_ball,yellow_green
train_balanced\tennis_ball\00658.png,train_balanced,tennis_ball,red
train_balanced\tennis_ball\00659.png,train_balanced,tennis_ball,red
train_balanced\tennis_ball\00660.png,train_balanced,tennis_ball,red
train_balanced\tennis_ball\00661.png,train_balanced,tennis_ball,yellow_green
train_balanced\balloon\00662.png,train_balanced,balloon,yellow_green
train_balanced\balloon\00663.png,train_balanced,balloon,red
train_balanced\balloon\00664.png,train_balanced,balloon,red
train_balanced\tennis_ball\00665.png,train_balanced,tennis_ball,yellow_green
train_balanced\tennis_ball\00666.png,train_balanced,tennis_ball,red
train_balanced\balloon\00667.png,train_balanced,balloon,yellow_green
train_balanced\tennis_ball\00668.png,train_balanced,tennis_ball,red
train_balanced\tennis_ball\00669.png,train_balanced,tennis_ball,red
train_balanced\balloon\00670.png,train_balanced,balloon,red
train_balanced\balloon\00671.png,train_balanced,balloon,red
train_balanced\tennis_ball\00672.png,train_balanced,tennis_ball,yellow_green
train_balanced\tennis_ball\00673.png,train_balanced,tennis_ball,red
train_balanced\balloon\00674.png,train_balanced,balloon,yellow_green
train_balanced\balloon\00675.png,train_balanced,balloon,yellow_green
train_balanced\balloon\00676.png,train_balanced,balloon,yellow_green
train_balanced\tennis_ball\00677.png,train_balanced,tennis_ball,red
train_balanced\balloon\00678.png,train_balanced,balloon,yellow_green
train_balanced\balloon\00679.png,train_balanced,balloon,yellow_green
train_balanced\balloon\00680.png,train_balanced,balloon,red
train_balanced\tennis_ball\00681.png,train_balanced,tennis_ball,yellow_green
train_balanced\balloon\00682.png,train_balanced,balloon,yellow_green
train_balanced\balloon\00683.png,train_balanced,balloon,red
train_balanced\balloon\00684.png,train_balanced,balloon,yellow_green
train_balanced\balloon\00685.png,train_balanced,balloon,red
train_balanced\tennis_ball\00686.png,train_balanced,tennis_ball,yellow_green
train_balanced\balloon\00687.png,train_balanced,balloon,red
train_balanced\balloon\00688.png,train_balanced,balloon,yellow_green
train_balanced\tennis_ball\00689.png,train_balanced,tennis_ball,red
train_balanced\balloon\00690.png,train_balanced,balloon,yellow_green
train_balanced\tennis_ball\00691.png,train_balanced,tennis_ball,yellow_green
train_balanced\balloon\00692.png,train_balanced,balloon,yellow_green
train_balanced\tennis_ball\00693.png,train_balanced,tennis_ball,yellow_green
train_balanced\balloon\00694.png,train_balanced,balloon,yellow_green
train_balanced\tennis_ball\00695.png,train_balanced,tennis_ball,red
train_balanced\balloon\00696.png,train_balanced,balloon,red
train_balanced\balloon\00697.png,train_balanced,balloon,yellow_green
train_balanced\tennis_ball\00698.png,train_balanced,tennis_ball,yellow_green
train_balanced\tennis_ball\00699.png,train_balanced,tennis_ball,red
train_balanced\tennis_ball\00700.png,train_balanced,tennis_ball,red
train_balanced\balloon\00701.png,train_balanced,balloon,red
train_balanced\balloon\00702.png,train_balanced,balloon,red
train_balanced\tennis_ball\00703.png,train_balanced,tennis_ball,red
train_balanced\tennis_ball\00704.png,train_balanced,tennis_ball,yellow_green
train_balanced\balloon\00705.png,train_balanced,balloon,yellow_green
train_balanced\balloon\00706.png,train_balanced,balloon,yellow_green
train_balanced\balloon\00707.png,train_balanced,balloon,red
train_balanced\balloon\00708.png,train_balanced,balloon,yellow_green
train_balanced\balloon\00709.png,train_balanced,balloon,yellow_green
train_balanced\balloon\00710.png,train_balanced,balloon,yellow_green
train_balanced\balloon\00711.png,train_balanced,balloon,yellow_green
train_balanced\balloon\00712.png,train_balanced,balloon,red
train_balanced\tennis_ball\00713.png,train_balanced,tennis_ball,yellow_green
train_balanced\balloon\00714.png,train_balanced,balloon,yellow_green
train_balanced\balloon\00715.png,train_balanced,balloon,yellow_green
train_balanced\balloon\00716.png,train_balanced,balloon,yellow_green
train_balanced\balloon\00717.png,train_balanced,balloon,red
train_balanced\tennis_ball\00718.png,train_balanced,tennis_ball,yellow_green
train_balanced\balloon\00719.png,train_balanced,balloon,red
train_balanced\tennis_ball\00720.png,train_balanced,tennis_ball,red
train_balanced\tennis_ball\00721.png,train_balanced,tennis_ball,red
train_balanced\balloon\00722.png,train_balanced,balloon,yellow_green
train_balanced\balloon\00723.png,train_balanced,balloon,red
train_balanced\tennis_ball\00724.png,train_balanced,tennis_ball,red
train_balanced\tennis_ball\00725.png,train_balanced,tennis_ball,red
train_balanced\balloon\00726.png,train_balanced,balloon,yellow_green
train_balanced\balloon\00727.png,train_balanced,balloon,red
train_balanced\tennis_ball\00728.png,train_balanced,tennis_ball,red
train_balanced\tennis_ball\00729.png,train_balanced,tennis_ball,yellow_green
train_balanced\balloon\00730.png,train_balanced,balloon,red
train_balanced\balloon\00731.png,train_balanced,balloon,red
train_balanced\tennis_ball\00732.png,train_balanced,tennis_ball,red
train_balanced\tennis_ball\00733.png,train_balanced,tennis_ball,yellow_green
train_balanced\balloon\00734.png,train_balanced,balloon,red
train_balanced\tennis_ball\00735.png,train_balanced,tennis_ball,yellow_green
train_balanced\balloon\00736.png,train_balanced,balloon,yellow_green
train_balanced\balloon\00737.png,train_balanced,balloon,yellow_green
train_balanced\balloon\00738.png,train_balanced,balloon,red
train_balanced\balloon\00739.png,train_balanced,balloon,red
train_balanced\tennis_ball\00740.png,train_balanced,tennis_ball,yellow_green
train_balanced\tennis_ball\00741.png,train_balanced,tennis_ball,yellow_green
train_balanced\balloon\00742.png,train_balanced,balloon,yellow_green
train_balanced\tennis_ball\00743.png,train_balanced,tennis_ball,yellow_green
train_balanced\balloon\00744.png,train_balanced,balloon,red
train_balanced\balloon\00745.png,train_balanced,balloon,red
train_balanced\tennis_ball\00746.png,train_balanced,tennis_ball,red
train_balanced\balloon\00747.png,train_balanced,balloon,yellow_green
train_balanced\balloon\00748.png,train_balanced,balloon,red
train_balanced\balloon\00749.png,train_balanced,balloon,red
train_balanced\tennis_ball\00750.png,train_balanced,tennis_ball,yellow_green
train_balanced\tennis_ball\00751.png,train_balanced,tennis_ball,red
train_balanced\balloon\00752.png,train_balanced,balloon,yellow_green
train_balanced\balloon\00753.png,train_balanced,balloon,red
train_balanced\balloon\00754.png,train_balanced,balloon,red
train_balanced\balloon\00755.png,train_balanced,balloon,red
train_balanced\balloon\00756.png,train_balanced,balloon,red
train_balanced\tennis_ball\00757.png,train_balanced,tennis_ball,red
train_balanced\balloon\00758.png,train_balanced,balloon,yellow_green
train_balanced\tennis_ball\00759.png,train_balanced,tennis_ball,red
train_balanced\tennis_ball\00760.png,train_balanced,tennis_ball,yellow_green
train_balanced\balloon\00761.png,train_balanced,balloon,yellow_green
train_balanced\balloon\00762.png,train_balanced,balloon,red
train_balanced\tennis_ball\00763.png,train_balanced,tennis_ball,red
train_balanced\tennis_ball\00764.png,train_balanced,tennis_ball,red
train_balanced\tennis_ball\00765.png,train_balanced,tennis_ball,yellow_green
train_balanced\tennis_ball\00766.png,train_balanced,tennis_ball,yellow_green
train_balanced\tennis_ball\00767.png,train_balanced,tennis_ball,yellow_green
train_balanced\tennis_ball\00768.png,train_balanced,tennis_ball,red
train_balanced\balloon\00769.png,train_balanced,balloon,red
train_balanced\balloon\00770.png,train_balanced,balloon,yellow_green
train_balanced\tennis_ball\00771.png,train_balanced,tennis_ball,yellow_green
train_balanced\balloon\00772.png,train_balanced,balloon,red
train_balanced\balloon\00773.png,train_balanced,balloon,red
train_balanced\tennis_ball\00774.png,train_balanced,tennis_ball,red
train_balanced\balloon\00775.png,train_balanced,balloon,red
train_balanced\tennis_ball\00776.png,train_balanced,tennis_ball,red
train_balanced\tennis_ball\00777.png,train_balanced,tennis_ball,yellow_green
train_balanced\tennis_ball\00778.png,train_balanced,tennis_ball,red
train_balanced\tennis_ball\00779.png,train_balanced,tennis_ball,yellow_green
train_balanced\balloon\00780.png,train_balanced,balloon,red
train_balanced\balloon\00781.png,train_balanced,balloon,yellow_green
train_balanced\tennis_ball\00782.png,train_balanced,tennis_ball,red
train_balanced\balloon\00783.png,train_balanced,balloon,red
train_balanced\tennis_ball\00784.png,train_balanced,tennis_ball,red
train_balanced\balloon\00785.png,train_balanced,balloon,red
train_balanced\balloon\00786.png,train_balanced,balloon,yellow_green
train_balanced\balloon\00787.png,train_balanced,balloon,yellow_green
train_balanced\balloon\00788.png,train_balanced,balloon,yellow_green
train_balanced\tennis_ball\00789.png,train_balanced,tennis_ball,yellow_green
train_balanced\balloon\00790.png,train_balanced,balloon,yellow_green
train_balanced\balloon\00791.png,train_balanced,balloon,red
train_balanced\tennis_ball\00792.png,train_balanced,tennis_ball,yellow_green
train_balanced\tennis_ball\00793.png,train_balanced,tennis_ball,red
train_balanced\balloon\00794.png,train_balanced,balloon,yellow_green
train_balanced\tennis_ball\00795.png,train_balanced,tennis_ball,yellow_green
train_balanced\balloon\00796.png,train_balanced,balloon,yellow_green
train_balanced\balloon\00797.png,train_balanced,balloon,yellow_green
train_balanced\balloon\00798.png,train_balanced,balloon,red
train_balanced\balloon\00799.png,train_balanced,balloon,red
train_balanced\tennis_ball\00800.png,train_balanced,tennis_ball,yellow_green
train_balanced\tennis_ball\00801.png,train_balanced,tennis_ball,yellow_green
train_balanced\tennis_ball\00802.png,train_balanced,tennis_ball,red
train_balanced\tennis_ball\00803.png,train_balanced,tennis_ball,yellow_green
train_balanced\tennis_ball\00804.png,train_balanced,tennis_ball,yellow_green
train_balanced\balloon\00805.png,train_balanced,balloon,red
train_balanced\tennis_ball\00806.png,train_balanced,tennis_ball,red
train_balanced\tennis_ball\00807.png,train_balanced,tennis_ball,yellow_green
train_balanced\tennis_ball\00808.png,train_balanced,tennis_ball,yellow_green
train_balanced\tennis_ball\00809.png,train_balanced,tennis_ball,red
train_balanced\balloon\00810.png,train_balanced,balloon,red
train_balanced\tennis_ball\00811.png,train_balanced,tennis_ball,red
train_balanced\balloon\00812.png,train_balanced,balloon,yellow_green
train_balanced\balloon\00813.png,train_balanced,balloon,red
train_balanced\tennis_ball\00814.png,train_balanced,tennis_ball,red
train_balanced\tennis_ball\00815.png,train_balanced,tennis_ball,yellow_green
train_balanced\balloon\00816.png,train_balanced,balloon,yellow_green
train_balanced\tennis_ball\00817.png,train_balanced,tennis_ball,yellow_green
train_balanced\tennis_ball\00818.png,train_balanced,tennis_ball,yellow_green
train_balanced\tennis_ball\00819.png,train_balanced,tennis_ball,yellow_green
train_balanced\balloon\00820.png,train_balanced,balloon,yellow_green
train_balanced\balloon\00821.png,train_balanced,balloon,yellow_green
train_balanced\tennis_ball\00822.png,train_balanced,tennis_ball,red
train_balanced\balloon\00823.png,train_balanced,balloon,red
train_balanced\tennis_ball\00824.png,train_balanced,tennis_ball,red
train_balanced\tennis_ball\00825.png,train_balanced,tennis_ball,yellow_green
train_balanced\tennis_ball\00826.png,train_balanced,tennis_ball,red
train_balanced\tennis_ball\00827.png,train_balanced,tennis_ball,red
train_balanced\tennis_ball\00828.png,train_balanced,tennis_ball,red
train_balanced\tennis_ball\00829.png,train_balanced,tennis_ball,yellow_green
train_balanced\tennis_ball\00830.png,train_balanced,tennis_ball,red
train_balanced\tennis_ball\00831.png,train_balanced,tennis_ball,red
train_balanced\balloon\00832.png,train_balanced,balloon,yellow_green
train_balanced\tennis_ball\00833.png,train_balanced,tennis_ball,red
train_balanced\tennis_ball\00834.png,train_balanced,tennis_ball,red
train_balanced\tennis_ball\00835.png,train_balanced,tennis_ball,yellow_green
train_balanced\tennis_ball\00836.png,train_balanced,tennis_ball,yellow_green
train_balanced\tennis_ball\00837.png,train_balanced,tennis_ball,yellow_green
train_balanced\balloon\00838.png,train_balanced,balloon,yellow_green
train_balanced\balloon\00839.png,train_balanced,balloon,red
train_balanced\balloon\00840.png,train_balanced,balloon,yellow_green
train_balanced\balloon\00841.png,train_balanced,balloon,yellow_green
train_balanced\balloon\00842.png,train_balanced,balloon,red
train_balanced\balloon\00843.png,train_balanced,balloon,red
train_balanced\tennis_ball\00844.png,train_balanced,tennis_ball,red
train_balanced\balloon\00845.png,train_balanced,balloon,yellow_green
train_balanced\tennis_ball\00846.png,train_balanced,tennis_ball,yellow_green
train_balanced\balloon\00847.png,train_balanced,balloon,red
train_balanced\tennis_ball\00848.png,train_balanced,tennis_ball,red
train_balanced\balloon\00849.png,train_balanced,balloon,red
train_balanced\balloon\00850.png,train_balanced,balloon,red
train_balanced\tennis_ball\00851.png,train_balanced,tennis_ball,red
train_balanced\balloon\00852.png,train_balanced,balloon,yellow_green
train_balanced\tennis_ball\00853.png,train_balanced,tennis_ball,yellow_green
train_balanced\balloon\00854.png,train_balanced,balloon,red
train_balanced\balloon\00855.png,train_balanced,balloon,yellow_green
train_balanced\balloon\00856.png,train_balanced,balloon,yellow_green
train_balanced\tennis_ball\00857.png,train_balanced,tennis_ball,yellow_green
train_balanced\balloon\00858.png,train_balanced,balloon,yellow_green
train_balanced\balloon\00859.png,train_balanced,balloon,red
train_balanced\balloon\00860.png,train_balanced,balloon,red
train_balanced\balloon\00861.png,train_balanced,balloon,red
train_balanced\tennis_ball\00862.png,train_balanced,tennis_ball,red
train_balanced\balloon\00863.png,train_balanced,balloon,yellow_green
train_balanced\tennis_ball\00864.png,train_balanced,tennis_ball,yellow_green
train_balanced\tennis_ball\00865.png,train_balanced,tennis_ball,yellow_green
train_balanced\tennis_ball\00866.png,train_balanced,tennis_ball,yellow_green
train_balanced\tennis_ball\00867.png,train_balanced,tennis_ball,red
train_balanced\tennis_ball\00868.png,train_balanced,tennis_ball,red
train_balanced\balloon\00869.png,train_balanced,balloon,yellow_green
train_balanced\tennis_ball\00870.png,train_balanced,tennis_ball,red
train_balanced\tennis_ball\00871.png,train_balanced,tennis_ball,yellow_green
train_balanced\tennis_ball\00872.png,train_balanced,tennis_ball,yellow_green
train_balanced\balloon\00873.png,train_balanced,balloon,red
train_balanced\tennis_ball\00874.png,train_balanced,tennis_ball,red
train_balanced\tennis_ball\00875.png,train_balanced,tennis_ball,red
train_balanced\tennis_ball\00876.png,train_balanced,tennis_ball,red
train_balanced\tennis_ball\00877.png,train_balanced,tennis_ball,red
train_balanced\tennis_ball\00878.png,train_balanced,tennis_ball,red
train_balanced\tennis_ball\00879.png,train_balanced,tennis_ball,yellow_green
train_balanced\tennis_ball\00880.png,train_balanced,tennis_ball,yellow_green
train_balanced\balloon\00881.png,train_balanced,balloon,red
train_balanced\tennis_ball\00882.png,train_balanced,tennis_ball,yellow_green
train_balanced\tennis_ball\00883.png,train_balanced,tennis_ball,red
train_balanced\balloon\00884.png,train_balanced,balloon,red
train_balanced\balloon\00885.png,train_balanced,balloon,red
train_balanced\tennis_ball\00886.png,train_balanced,tennis_ball,yellow_green
train_balanced\tennis_ball\00887.png,train_balanced,tennis_ball,red
train_balanced\tennis_ball\00888.png,train_balanced,tennis_ball,yellow_green
train_balanced\balloon\00889.png,train_balanced,balloon,red
train_balanced\balloon\00890.png,train_balanced,balloon,red
train_balanced\tennis_ball\00891.png,train_balanced,tennis_ball,red
train_balanced\tennis_ball\00892.png,train_balanced,tennis_ball,yellow_green
train_balanced\balloon\00893.png,train_balanced,balloon,red
train_balanced\balloon\00894.png,train_balanced,balloon,yellow_green
train_balanced\tennis_ball\00895.png,train_balanced,tennis_ball,red
train_balanced\tennis_ball\00896.png,train_balanced,tennis_ball,red
train_balanced\balloon\00897.png,train_balanced,balloon,yellow_green
train_balanced\tennis_ball\00898.png,train_balanced,tennis_ball,yellow_green
train_balanced\tennis_ball\00899.png,train_balanced,tennis_ball,yellow_green
train_balanced\balloon\00900.png,train_balanced,balloon,yellow_green
train_balanced\balloon\00901.png,train_balanced,balloon,yellow_green
train_balanced\tennis_ball\00902.png,train_balanced,tennis_ball,red
train_balanced\tennis_ball\00903.png,train_balanced,tennis_ball,red
train_balanced\tennis_ball\00904.png,train_balanced,tennis_ball,yellow_green
train_balanced\balloon\00905.png,train_balanced,balloon,red
train_balanced\tennis_ball\00906.png,train_balanced,tennis_ball,yellow_green
train_balanced\tennis_ball\00907.png,train_balanced,tennis_ball,red
train_balanced\balloon\00908.png,train_balanced,balloon,yellow_green
train_balanced\tennis_ball\00909.png,train_balanced,tennis_ball,yellow_green
train_balanced\tennis_ball\00910.png,train_balanced,tennis_ball,yellow_green
train_balanced\balloon\00911.png,train_balanced,balloon,red
train_balanced\balloon\00912.png,train_balanced,balloon,red
train_balanced\balloon\00913.png,train_balanced,balloon,yellow_green
train_balanced\tennis_ball\00914.png,train_balanced,tennis_ball,red
train_balanced\balloon\00915.png,train_balanced,balloon,yellow_green
train_balanced\tennis_ball\00916.png,train_balanced,tennis_ball,yellow_green
train_balanced\balloon\00917.png,train_balanced,balloon,red
train_balanced\balloon\00918.png,train_balanced,balloon,red
train_balanced\balloon\00919.png,train_balanced,balloon,red
train_balanced\tennis_ball\00920.png,train_balanced,tennis_ball,red
train_balanced\tennis_ball\00921.png,train_balanced,tennis_ball,red
train_balanced\tennis_ball\00922.png,train_balanced,tennis_ball,red
train_balanced\tennis_ball\00923.png,train_balanced,tennis_ball,red
train_balanced\balloon\00924.png,train_balanced,balloon,yellow_green
train_balanced\balloon\00925.png,train_balanced,balloon,yellow_green
train_balanced\balloon\00926.png,train_balanced,balloon,red
train_balanced\balloon\00927.png,train_balanced,balloon,yellow_green
train_balanced\balloon\00928.png,train_balanced,balloon,yellow_green
train_balanced\balloon\00929.png,train_balanced,balloon,yellow_green
train_balanced\balloon\00930.png,train_balanced,balloon,red
train_balanced\balloon\00931.png,train_balanced,balloon,red
train_balanced\tennis_ball\00932.png,train_balanced,tennis_ball,red
train_balanced\balloon\00933.png,train_balanced,balloon,yellow_green
train_balanced\balloon\00934.png,train_balanced,balloon,red
train_balanced\tennis_ball\00935.png,train_balanced,tennis_ball,yellow_green
train_balanced\balloon\00936.png,train_balanced,balloon,red
train_balanced\balloon\00937.png,train_balanced,balloon,yellow_green
train_balanced\balloon\00938.png,train_balanced,balloon,yellow_green
train_balanced\tennis_ball\00939.png,train_balanced,tennis_ball,yellow_green
train_balanced\balloon\00940.png,train_balanced,balloon,yellow_green
train_balanced\balloon\00941.png,train_balanced,balloon,yellow_green
train_balanced\tennis_ball\00942.png,train_balanced,tennis_ball,red
train_balanced\tennis_ball\00943.png,train_balanced,tennis_ball,yellow_green
train_balanced\tennis_ball\00944.png,train_balanced,tennis_ball,yellow_green
train_balanced\balloon\00945.png,train_balanced,balloon,yellow_green
train_balanced\balloon\00946.png,train_balanced,balloon,red
train_balanced\tennis_ball\00947.png,train_balanced,tennis_ball,red
train_balanced\balloon\00948.png,train_balanced,balloon,red
train_balanced\tennis_ball\00949.png,train_balanced,tennis_ball,red
train_balanced\balloon\00950.png,train_balanced,balloon,red
train_balanced\tennis_ball\00951.png,train_balanced,tennis_ball,red
train_balanced\balloon\00952.png,train_balanced,balloon,red
train_balanced\balloon\00953.png,train_balanced,balloon,yellow_green
train_balanced\balloon\00954.png,train_balanced,balloon,red
train_balanced\tennis_ball\00955.png,train_balanced,tennis_ball,yellow_green
train_balanced\balloon\00956.png,train_balanced,balloon,yellow_green
train_balanced\tennis_ball\00957.png,train_balanced,tennis_ball,red
train_balanced\balloon\00958.png,train_balanced,balloon,red
train_balanced\tennis_ball\00959.png,train_balanced,tennis_ball,red
train_balanced\balloon\00960.png,train_balanced,balloon,red
train_balanced\tennis_ball\00961.png,train_balanced,tennis_ball,yellow_green
train_balanced\balloon\00962.png,train_balanced,balloon,red
train_balanced\tennis_ball\00963.png,train_balanced,tennis_ball,red
train_balanced\tennis_ball\00964.png,train_balanced,tennis_ball,yellow_green
train_balanced\tennis_ball\00965.png,train_balanced,tennis_ball,yellow_green
train_balanced\balloon\00966.png,train_balanced,balloon,yellow_green
train_balanced\balloon\00967.png,train_balanced,balloon,yellow_green
train_balanced\tennis_ball\00968.png,train_balanced,tennis_ball,yellow_green
train_balanced\tennis_ball\00969.png,train_balanced,tennis_ball,red
train_balanced\tennis_ball\00970.png,train_balanced,tennis_ball,yellow_green
train_balanced\tennis_ball\00971.png,train_balanced,tennis_ball,yellow_green
train_balanced\tennis_ball\00972.png,train_balanced,tennis_ball,yellow_green
train_balanced\balloon\00973.png,train_balanced,balloon,yellow_green
train_balanced\tennis_ball\00974.png,train_balanced,tennis_ball,yellow_green
train_balanced\tennis_ball\00975.png,train_balanced,tennis_ball,red
train_balanced\tennis_ball\00976.png,train_balanced,tennis_ball,yellow_green
train_balanced\tennis_ball\00977.png,train_balanced,tennis_ball,yellow_green
train_balanced\balloon\00978.png,train_balanced,balloon,yellow_green
train_balanced\tennis_ball\00979.png,train_balanced,tennis_ball,red
train_balanced\tennis_ball\00980.png,train_balanced,tennis_ball,red
train_balanced\tennis_ball\00981.png,train_balanced,tennis_ball,yellow_green
train_balanced\balloon\00982.png,train_balanced,balloon,yellow_green
train_balanced\balloon\00983.png,train_balanced,balloon,red
train_balanced\balloon\00984.png,train_balanced,balloon,red
train_balanced\balloon\00985.png,train_balanced,balloon,yellow_green
train_balanced\tennis_ball\00986.png,train_balanced,tennis_ball,yellow_green
train_balanced\tennis_ball\00987.png,train_balanced,tennis_ball,yellow_green
train_balanced\balloon\00988.png,train_balanced,balloon,red
train_balanced\tennis_ball\00989.png,train_balanced,tennis_ball,yellow_green
train_balanced\balloon\00990.png,train_balanced,balloon,yellow_green
train_balanced\balloon\00991.png,train_balanced,balloon,red
train_balanced\balloon\00992.png,train_balanced,balloon,yellow_green
train_balanced\tennis_ball\00993.png,train_balanced,tennis_ball,red
train_balanced\balloon\00994.png,train_balanced,balloon,yellow_green
train_balanced\tennis_ball\00995.png,train_balanced,tennis_ball,yellow_green
train_balanced\tennis_ball\00996.png,train_balanced,tennis_ball,yellow_green
train_balanced\balloon\00997.png,train_balanced,balloon,red
train_balanced\balloon\00998.png,train_balanced,balloon,yellow_green
train_balanced\balloon\00999.png,train_balanced,balloon,yellow_green
train_colored\balloon\00000.png,train_colored,balloon,unknown
train_colored\tennis_ball\00001.png,train_colored,tennis_ball,unknown
train_colored\tennis_ball\00002.png,train_colored,tennis_ball,unknown
train_colored\balloon\00003.png,train_colored,balloon,unknown
train_colored\tennis_ball\00004.png,train_colored,tennis_ball,unknown
train_colored\balloon\00005.png,train_colored,balloon,unknown
train_colored\balloon\00006.png,train_colored,balloon,unknown
train_colored\tennis_ball\00007.png,train_colored,tennis_ball,unknown
train_colored\tennis_ball\00008.png,train_colored,tennis_ball,unknown
train_colored\balloon\00009.png,train_colored,balloon,unknown
train_colored\tennis_ball\00010.png,train_colored,tennis_ball,unknown
train_colored\balloon\00011.png,train_colored,balloon,unknown
train_colored\balloon\00012.png,train_colored,balloon,unknown
train_colored\tennis_ball\00013.png,train_colored,tennis_ball,unknown
train_colored\balloon\00014.png,train_colored,balloon,unknown
train_colored\tennis_ball\00015.png,train_colored,tennis_ball,unknown
train_colored\tennis_ball\00016.png,train_colored,tennis_ball,unknown
train_colored\tennis_ball\00017.png,train_colored,tennis_ball,unknown
train_colored\tennis_ball\00018.png,train_colored,tennis_ball,unknown
train_colored\tennis_ball\00019.png,train_colored,tennis_ball,unknown
train_colored\balloon\00020.png,train_colored,balloon,unknown
train_colored\tennis_ball\00021.png,train_colored,tennis_ball,unknown
train_colored\tennis_ball\00022.png,train_colored,tennis_ball,unknown
train_colored\balloon\00023.png,train_colored,balloon,unknown
train_colored\balloon\00024.png,train_colored,balloon,unknown
train_colored\balloon\00025.png,train_colored,balloon,unknown
train_colored\tennis_ball\00026.png,train_colored,tennis_ball,unknown
train_colored\balloon\00027.png,train_colored,balloon,unknown
train_colored\tennis_ball\00028.png,train_colored,tennis_ball,unknown
train_colored\tennis_ball\00029.png,train_colored,tennis_ball,unknown
train_colored\tennis_ball\00030.png,train_colored,tennis_ball,unknown
train_colored\tennis_ball\00031.png,train_colored,tennis_ball,unknown
train_colored\tennis_ball\00032.png,train_colored,tennis_ball,unknown
train_colored\tennis_ball\00033.png,train_colored,tennis_ball,unknown
train_colored\tennis_ball\00034.png,train_colored,tennis_ball,unknown
train_colored\balloon\00035.png,train_colored,balloon,unknown
train_colored\tennis_ball\00036.png,train_colored,tennis_ball,unknown
train_colored\balloon\00037.png,train_colored,balloon,unknown
train_colored\tennis_ball\00038.png,train_colored,tennis_ball,unknown
train_colored\balloon\00039.png,train_colored,balloon,unknown
train_colored\tennis_ball\00040.png,train_colored,tennis_ball,unknown
train_colored\tennis_ball\00041.png,train_colored,tennis_ball,unknown
train_colored\balloon\00042.png,train_colored,balloon,unknown
train_colored\tennis_ball\00043.png,train_colored,tennis_ball,unknown
train_colored\balloon\00044.png,train_colored,balloon,unknown
train_colored\tennis_ball\00045.png,train_colored,tennis_ball,unknown
train_colored\balloon\00046.png,train_colored,balloon,unknown
train_colored\balloon\00047.png,train_colored,balloon,unknown
train_colored\balloon\00048.png,train_colored,balloon,unknown
train_colored\balloon\00049.png,train_colored,balloon,unknown
train_colored\tennis_ball\00050.png,train_colored,tennis_ball,unknown
train_colored\tennis_ball\00051.png,train_colored,tennis_ball,unknown
train_colored\balloon\00052.png,train_colored,balloon,unknown
train_colored\tennis_ball\00053.png,train_colored,tennis_ball,unknown
train_colored\balloon\00054.png,train_colored,balloon,unknown
train_colored\balloon\00055.png,train_colored,balloon,unknown
train_colored\tennis_ball\00056.png,train_colored,tennis_ball,unknown
train_colored\balloon\00057.png,train_colored,balloon,unknown
train_colored\balloon\00058.png,train_colored,balloon,unknown
train_colored\tennis_ball\00059.png,train_colored,tennis_ball,unknown
train_colored\tennis_ball\00060.png,train_colored,tennis_ball,unknown
train_colored\tennis_ball\00061.png,train_colored,tennis_ball,unknown
train_colored\tennis_ball\00062.png,train_colored,tennis_ball,unknown
train_colored\tennis_ball\00063.png,train_colored,tennis_ball,unknown
train_colored\tennis_ball\00064.png,train_colored,tennis_ball,unknown
train_colored\tennis_ball\00065.png,train_colored,tennis_ball,unknown
train_colored\tennis_ball\00066.png,train_colored,tennis_ball,unknown
train_colored\tennis_ball\00067.png,train_colored,tennis_ball,unknown
train_colored\balloon\00068.png,train_colored,balloon,unknown
train_colored\balloon\00069.png,train_colored,balloon,unknown
train_colored\balloon\00070.png,train_colored,balloon,unknown
train_colored\balloon\00071.png,train_colored,balloon,unknown
train_colored\balloon\00072.png,train_colored,balloon,unknown
train_colored\tennis_ball\00073.png,train_colored,tennis_ball,unknown
train_colored\tennis_ball\00074.png,train_colored,tennis_ball,unknown
train_colored\balloon\00075.png,train_colored,balloon,unknown
train_colored\tennis_ball\00076.png,train_colored,tennis_ball,unknown
train_colored\tennis_ball\00077.png,train_colored,tennis_ball,unknown
train_colored\tennis_ball\00078.png,train_colored,tennis_ball,unknown
train_colored\balloon\00079.png,train_colored,balloon,unknown
train_colored\balloon\00080.png,train_colored,balloon,unknown
train_colored\tennis_ball\00081.png,train_colored,tennis_ball,unknown
train_colored\tennis_ball\00082.png,train_colored,tennis_ball,unknown
train_colored\balloon\00083.png,train_colored,balloon,unknown
train_colored\balloon\00084.png,train_colored,balloon,unknown
train_colored\tennis_ball\00085.png,train_colored,tennis_ball,unknown
train_colored\balloon\00086.png,train_colored,balloon,unknown
train_colored\balloon\00087.png,train_colored,balloon,unknown
train_colored\tennis_ball\00088.png,train_colored,tennis_ball,unknown
train_colored\tennis_ball\00089.png,train_colored,tennis_ball,unknown
train_colored\balloon\00090.png,train_colored,balloon,unknown
train_colored\balloon\00091.png,train_colored,balloon,unknown
train_colored\tennis_ball\00092.png,train_colored,tennis_ball,unknown
train_colored\balloon\00093.png,train_colored,balloon,unknown
train_colored\tennis_ball\00094.png,train_colored,tennis_ball,unknown
train_colored\tennis_ball\00095.png,train_colored,tennis_ball,unknown
train_colored\tennis_ball\00096.png,train_colored,tennis_ball,unknown
train_colored\balloon\00097.png,train_colored,balloon,unknown
train_colored\tennis_ball\00098.png,train_colored,tennis_ball,unknown
train_colored\tennis_ball\00099.png,train_colored,tennis_ball,unknown
train_colored\tennis_ball\00100.png,train_colored,tennis_ball,unknown
train_colored\tennis_ball\00101.png,train_colored,tennis_ball,unknown
train_colored\balloon\00102.png,train_colored,balloon,unknown
train_colored\tennis_ball\00103.png,train_colored,tennis_ball,unknown
train_colored\tennis_ball\00104.png,train_colored,tennis_ball,unknown
train_colored\tennis_ball\00105.png,train_colored,tennis_ball,unknown
train_colored\balloon\00106.png,train_colored,balloon,unknown
train_colored\tennis_ball\00107.png,train_colored,tennis_ball,unknown
train_colored\tennis_ball\00108.png,train_colored,tennis_ball,unknown
train_colored\tennis_ball\00109.png,train_colored,tennis_ball,unknown
train_colored\balloon\00110.png,train_colored,balloon,unknown
train_colored\balloon\00111.png,train_colored,balloon,unknown
train_colored\tennis_ball\00112.png,train_colored,tennis_ball,unknown
train_colored\tennis_ball\00113.png,train_colored,tennis_ball,unknown
train_colored\balloon\00114.png,train_colored,balloon,unknown
train_colored\tennis_ball\00115.png,train_colored,tennis_ball,unknown
train_colored\tennis_ball\00116.png,train_colored,tennis_ball,unknown
train_colored\tennis_ball\00117.png,train_colored,tennis_ball,unknown
train_colored\balloon\00118.png,train_colored,balloon,unknown
train_colored\balloon\00119.png,train_colored,balloon,unknown
train_colored\tennis_ball\00120.png,train_colored,tennis_ball,unknown
train_colored\tennis_ball\00121.png,train_colored,tennis_ball,unknown
train_colored\balloon\00122.png,train_colored,balloon,unknown
train_colored\balloon\00123.png,train_colored,balloon,unknown
train_colored\tennis_ball\00124.png,train_colored,tennis_ball,unknown
train_colored\tennis_ball\00125.png,train_colored,tennis_ball,unknown
train_colored\tennis_ball\00126.png,train_colored,tennis_ball,unknown
train_colored\balloon\00127.png,train_colored,balloon,unknown
train_colored\balloon\00128.png,train_colored,balloon,unknown
train_colored\balloon\00129.png,train_colored,balloon,unknown
train_colored\tennis_ball\00130.png,train_colored,tennis_ball,unknown
train_colored\balloon\00131.png,train_colored,balloon,unknown
train_colored\tennis_ball\00132.png,train_colored,tennis_ball,unknown
train_colored\tennis_ball\00133.png,train_colored,tennis_ball,unknown
train_colored\tennis_ball\00134.png,train_colored,tennis_ball,unknown
train_colored\balloon\00135.png,train_colored,balloon,unknown
train_colored\tennis_ball\00136.png,train_colored,tennis_ball,unknown
train_colored\balloon\00137.png,train_colored,balloon,unknown
train_colored\tennis_ball\00138.png,train_colored,tennis_ball,unknown
train_colored\tennis_ball\00139.png,train_colored,tennis_ball,unknown
train_colored\balloon\00140.png,train_colored,balloon,unknown
train_colored\balloon\00141.png,train_colored,balloon,unknown
train_colored\tennis_ball\00142.png,train_colored,tennis_ball,unknown
train_colored\tennis_ball\00143.png,train_colored,tennis_ball,unknown
train_colored\balloon\00144.png,train_colored,balloon,unknown
train_colored\tennis_ball\00145.png,train_colored,tennis_ball,unknown
train_colored\balloon\00146.png,train_colored,balloon,unknown
train_colored\balloon\00147.png,train_colored,balloon,unknown
train_colored\tennis_ball\00148.png,train_colored,tennis_ball,unknown
train_colored\balloon\00149.png,train_colored,balloon,unknown
train_colored\balloon\00150.png,train_colored,balloon,unknown
train_colored\tennis_ball\00151.png,train_colored,tennis_ball,unknown
train_colored\tennis_ball\00152.png,train_colored,tennis_ball,unknown
train_colored\tennis_ball\00153.png,train_colored,tennis_ball,unknown
train_colored\balloon\00154.png,train_colored,balloon,unknown
train_colored\balloon\00155.png,train_colored,balloon,unknown
train_colored\tennis_ball\00156.png,train_colored,tennis_ball,unknown
train_colored\tennis_ball\00157.png,train_colored,tennis_ball,unknown
train_colored\tennis_ball\00158.png,train_colored,tennis_ball,unknown
train_colored\tennis_ball\00159.png,train_colored,tennis_ball,unknown
train_colored\balloon\00160.png,train_colored,balloon,unknown
train_colored\tennis_ball\00161.png,train_colored,tennis_ball,unknown
train_colored\tennis_ball\00162.png,train_colored,tennis_ball,unknown
train_colored\balloon\00163.png,train_colored,balloon,unknown
train_colored\balloon\00164.png,train_colored,balloon,unknown
train_colored\tennis_ball\00165.png,train_colored,tennis_ball,unknown
train_colored\balloon\00166.png,train_colored,balloon,unknown
train_colored\tennis_ball\00167.png,train_colored,tennis_ball,unknown
train_colored\balloon\00168.png,train_colored,balloon,unknown
train_colored\tennis_ball\00169.png,train_colored,tennis_ball,unknown
train_colored\tennis_ball\00170.png,train_colored,tennis_ball,unknown
train_colored\tennis_ball\00171.png,train_colored,tennis_ball,unknown
train_colored\balloon\00172.png,train_colored,balloon,unknown
train_colored\tennis_ball\00173.png,train_colored,tennis_ball,unknown
train_colored\tennis_ball\00174.png,train_colored,tennis_ball,unknown
train_colored\tennis_ball\00175.png,train_colored,tennis_ball,unknown
train_colored\tennis_ball\00176.png,train_colored,tennis_ball,unknown
train_colored\balloon\00177.png,train_colored,balloon,unknown
train_colored\tennis_ball\00178.png,train_colored,tennis_ball,unknown
train_colored\balloon\00179.png,train_colored,balloon,unknown
train_colored\tennis_ball\00180.png,train_colored,tennis_ball,unknown
train_colored\tennis_ball\00181.png,train_colored,tennis_ball,unknown
train_colored\tennis_ball\00182.png,train_colored,tennis_ball,unknown
train_colored\tennis_ball\00183.png,train_colored,tennis_ball,unknown
train_colored\balloon\00184.png,train_colored,balloon,unknown
train_colored\balloon\00185.png,train_colored,balloon,unknown
train_colored\tennis_ball\00186.png,train_colored,tennis_ball,unknown
train_colored\balloon\00187.png,train_colored,balloon,unknown
train_colored\balloon\00188.png,train_colored,balloon,unknown
train_colored\balloon\00189.png,train_colored,balloon,unknown
train_colored\balloon\00190.png,train_colored,balloon,unknown
train_colored\tennis_ball\00191.png,train_colored,tennis_ball,unknown
train_colored\balloon\00192.png,train_colored,balloon,unknown
train_colored\tennis_ball\00193.png,train_colored,tennis_ball,unknown
train_colored\tennis_ball\00194.png,train_colored,tennis_ball,unknown
train_colored\balloon\00195.png,train_colored,balloon,unknown
train_colored\balloon\00196.png,train_colored,balloon,unknown
train_colored\tennis_ball\00197.png,train_colored,tennis_ball,unknown
train_colored\tennis_ball\00198.png,train_colored,tennis_ball,unknown
train_colored\balloon\00199.png,train_colored,balloon,unknown
train_colored\balloon\00200.png,train_colored,balloon,unknown
train_colored\tennis_ball\00201.png,train_colored,tennis_ball,unknown
train_colored\balloon\00202.png,train_colored,balloon,unknown
train_colored\balloon\00203.png,train_colored,balloon,unknown
train_colored\balloon\00204.png,train_colored,balloon,unknown
train_colored\balloon\00205.png,train_colored,balloon,unknown
train_colored\tennis_ball\00206.png,train_colored,tennis_ball,unknown
train_colored\balloon\00207.png,train_colored,balloon,unknown
train_colored\tennis_ball\00208.png,train_colored,tennis_ball,unknown
train_colored\tennis_ball\00209.png,train_colored,tennis_ball,unknown
train_colored\tennis_ball\00210.png,train_colored,tennis_ball,unknown
train_colored\balloon\00211.png,train_colored,balloon,unknown
train_colored\balloon\00212.png,train_colored,balloon,unknown
train_colored\tennis_ball\00213.png,train_colored,tennis_ball,unknown
train_colored\balloon\00214.png,train_colored,balloon,unknown
train_colored\balloon\00215.png,train_colored,balloon,unknown
train_colored\tennis_ball\00216.png,train_colored,tennis_ball,unknown
train_colored\balloon\00217.png,train_colored,balloon,unknown
train_colored\balloon\00218.png,train_colored,balloon,unknown
train_colored\tennis_ball\00219.png,train_colored,tennis_ball,unknown
train_colored\tennis_ball\00220.png,train_colored,tennis_ball,unknown
train_colored\balloon\00221.png,train_colored,balloon,unknown
train_colored\balloon\00222.png,train_colored,balloon,unknown
train_colored\tennis_ball\00223.png,train_colored,tennis_ball,unknown
train_colored\tennis_ball\00224.png,train_colored,tennis_ball,unknown
train_colored\tennis_ball\00225.png,train_colored,tennis_ball,unknown
train_colored\balloon\00226.png,train_colored,balloon,unknown
train_colored\tennis_ball\00227.png,train_colored,tennis_ball,unknown
train_colored\tennis_ball\00228.png,train_colored,tennis_ball,unknown
train_colored\tennis_ball\00229.png,train_colored,tennis_ball,unknown
train_colored\balloon\00230.png,train_colored,balloon,unknown
train_colored\balloon\00231.png,train_colored,balloon,unknown
train_colored\balloon\00232.png,train_colored,balloon,unknown
train_colored\balloon\00233.png,train_colored,balloon,unknown
train_colored\balloon\00234.png,train_colored,balloon,unknown
train_colored\balloon\00235.png,train_colored,balloon,unknown
train_colored\tennis_ball\00236.png,train_colored,tennis_ball,unknown
train_colored\balloon\00237.png,train_colored,balloon,unknown
train_colored\balloon\00238.png,train_colored,balloon,unknown
train_colored\balloon\00239.png,train_colored,balloon,unknown
train_colored\balloon\00240.png,train_colored,balloon,unknown
train_colored\tennis_ball\00241.png,train_colored,tennis_ball,unknown
train_colored\balloon\00242.png,train_colored,balloon,unknown
train_colored\tennis_ball\00243.png,train_colored,tennis_ball,unknown
train_colored\balloon\00244.png,train_colored,balloon,unknown
train_colored\balloon\00245.png,train_colored,balloon,unknown
train_colored\balloon\00246.png,train_colored,balloon,unknown
train_colored\balloon\00247.png,train_colored,balloon,unknown
train_colored\balloon\00248.png,train_colored,balloon,unknown
train_colored\balloon\00249.png,train_colored,balloon,unknown
train_colored\tennis_ball\00250.png,train_colored,tennis_ball,unknown
train_colored\balloon\00251.png,train_colored,balloon,unknown
train_colored\balloon\00252.png,train_colored,balloon,unknown
train_colored\tennis_ball\00253.png,train_colored,tennis_ball,unknown
train_colored\balloon\00254.png,train_colored,balloon,unknown
train_colored\balloon\00255.png,train_colored,balloon,unknown
train_colored\balloon\00256.png,train_colored,balloon,unknown
train_colored\tennis_ball\00257.png,train_colored,tennis_ball,unknown
train_colored\balloon\00258.png,train_colored,balloon,unknown
train_colored\tennis_ball\00259.png,train_colored,tennis_ball,unknown
train_colored\tennis_ball\00260.png,train_colored,tennis_ball,unknown
train_colored\balloon\00261.png,train_colored,balloon,unknown
train_colored\tennis_ball\00262.png,train_colored,tennis_ball,unknown
train_colored\balloon\00263.png,train_colored,balloon,unknown
train_colored\tennis_ball\00264.png,train_colored,tennis_ball,unknown
train_colored\balloon\00265.png,train_colored,balloon,unknown
train_colored\tennis_ball\00266.png,train_colored,tennis_ball,unknown
train_colored\balloon\00267.png,train_colored,balloon,unknown
train_colored\tennis_ball\00268.png,train_colored,tennis_ball,unknown
train_colored\tennis_ball\00269.png,train_colored,tennis_ball,unknown
train_colored\tennis_ball\00270.png,train_colored,tennis_ball,unknown
train_colored\balloon\00271.png,train_colored,balloon,unknown
train_colored\balloon\00272.png,train_colored,balloon,unknown
train_colored\balloon\00273.png,train_colored,balloon,unknown
train_colored\tennis_ball\00274.png,train_colored,tennis_ball,unknown
train_colored\balloon\00275.png,train_colored,balloon,unknown
train_colored\tennis_ball\00276.png,train_colored,tennis_ball,unknown
train_colored\tennis_ball\00277.png,train_colored,tennis_ball,unknown
train_colored\balloon\00278.png,train_colored,balloon,unknown
train_colored\balloon\00279.png,train_colored,balloon,unknown
train_colored\tennis_ball\00280.png,train_colored,tennis_ball,unknown
train_colored\balloon\00281.png,train_colored,balloon,unknown
train_colored\tennis_ball\00282.png,train_colored,tennis_ball,unknown
train_colored\balloon\00283.png,train_colored,balloon,unknown
train_colored\balloon\00284.png,train_colored,balloon,unknown
train_colored\balloon\00285.png,train_colored,balloon,unknown
train_colored\balloon\00286.png,train_colored,balloon,unknown
train_colored\balloon\00287.png,train_colored,balloon,unknown
train_colored\tennis_ball\00288.png,train_colored,tennis_ball,unknown
train_colored\tennis_ball\00289.png,train_colored,tennis_ball,unknown
train_colored\tennis_ball\00290.png,train_colored,tennis_ball,unknown
train_colored\tennis_ball\00291.png,train_colored,tennis_ball,unknown
train_colored\balloon\00292.png,train_colored,balloon,unknown
train_colored\tennis_ball\00293.png,train_colored,tennis_ball,unknown
train_colored\balloon\00294.png,train_colored,balloon,unknown
train_colored\balloon\00295.png,train_colored,balloon,unknown
train_colored\balloon\00296.png,train_colored,balloon,unknown
train_colored\balloon\00297.png,train_colored,balloon,unknown
train_colored\tennis_ball\00298.png,train_colored,tennis_ball,unknown
train_colored\tennis_ball\00299.png,train_colored,tennis_ball,unknown
train_colored\balloon\00300.png,train_colored,balloon,unknown
train_colored\tennis_ball\00301.png,train_colored,tennis_ball,unknown
train_colored\tennis_ball\00302.png,train_colored,tennis_ball,unknown
train_colored\tennis_ball\00303.png,train_colored,tennis_ball,unknown
train_colored\tennis_ball\00304.png,train_colored,tennis_ball,unknown
train_colored\tennis_ball\00305.png,train_colored,tennis_ball,unknown
train_colored\balloon\00306.png,train_colored,balloon,unknown
train_colored\tennis_ball\00307.png,train_colored,tennis_ball,unknown
train_colored\tennis_ball\00308.png,train_colored,tennis_ball,unknown
train_colored\balloon\00309.png,train_colored,balloon,unknown
train_colored\balloon\00310.png,train_colored,balloon,unknown
train_colored\balloon\00311.png,train_colored,balloon,unknown
train_colored\balloon\00312.png,train_colored,balloon,unknown
train_colored\tennis_ball\00313.png,train_colored,tennis_ball,unknown
train_colored\tennis_ball\00314.png,train_colored,tennis_ball,unknown
train_colored\balloon\00315.png,train_colored,balloon,unknown
train_colored\balloon\00316.png,train_colored,balloon,unknown
train_colored\balloon\00317.png,train_colored,balloon,unknown
train_colored\tennis_ball\00318.png,train_colored,tennis_ball,unknown
train_colored\balloon\00319.png,train_colored,balloon,unknown
train_colored\balloon\00320.png,train_colored,balloon,unknown
train_colored\balloon\00321.png,train_colored,balloon,unknown
train_colored\balloon\00322.png,train_colored,balloon,unknown
train_colored\tennis_ball\00323.png,train_colored,tennis_ball,unknown
train_colored\tennis_ball\00324.png,train_colored,tennis_ball,unknown
train_colored\tennis_ball\00325.png,train_colored,tennis_ball,unknown
train_colored\balloon\00326.png,train_colored,balloon,unknown
train_colored\tennis_ball\00327.png,train_colored,tennis_ball,unknown
train_colored\tennis_ball\00328.png,train_colored,tennis_ball,unknown
train_colored\tennis_ball\00329.png,train_colored,tennis_ball,unknown
train_colored\balloon\00330.png,train_colored,balloon,unknown
train_colored\balloon\00331.png,train_colored,balloon,unknown
train_colored\tennis_ball\00332.png,train_colored,tennis_ball,unknown
train_colored\tennis_ball\00333.png,train_colored,tennis_ball,unknown
train_colored\tennis_ball\00334.png,train_colored,tennis_ball,unknown
train_colored\tennis_ball\00335.png,train_colored,tennis_ball,unknown
train_colored\tennis_ball\00336.png,train_colored,tennis_ball,unknown
train_colored\tennis_ball\00337.png,train_colored,tennis_ball,unknown
train_colored\tennis_ball\00338.png,train_colored,tennis_ball,unknown
train_colored\tennis_ball\00339.png,train_colored,tennis_ball,unknown
train_colored\balloon\00340.png,train_colored,balloon,unknown
train_colored\tennis_ball\00341.png,train_colored,tennis_ball,unknown
train_colored\tennis_ball\00342.png,train_colored,tennis_ball,unknown
train_colored\balloon\00343.png,train_colored,balloon,unknown
train_colored\balloon\00344.png,train_colored,balloon,unknown
train_colored\balloon\00345.png,train_colored,balloon,unknown
train_colored\balloon\00346.png,train_colored,balloon,unknown
train_colored\tennis_ball\00347.png,train_colored,tennis_ball,unknown
train_colored\balloon\00348.png,train_colored,balloon,unknown
train_colored\tennis_ball\00349.png,train_colored,tennis_ball,unknown
train_colored\balloon\00350.png,train_colored,balloon,unknown
train_colored\balloon\00351.png,train_colored,balloon,unknown
train_colored\tennis_ball\00352.png,train_colored,tennis_ball,unknown
train_colored\balloon\00353.png,train_colored,balloon,unknown
train_colored\balloon\00354.png,train_colored,balloon,unknown
train_colored\tennis_ball\00355.png,train_colored,tennis_ball,unknown
train_colored\tennis_ball\00356.png,train_colored,tennis_ball,unknown
train_colored\balloon\00357.png,train_colored,balloon,unknown
train_colored\balloon\00358.png,train_colored,balloon,unknown
train_colored\balloon\00359.png,train_colored,balloon,unknown
train_colored\tennis_ball\00360.png,train_colored,tennis_ball,unknown
train_colored\balloon\00361.png,train_colored,balloon,unknown
train_colored\tennis_ball\00362.png,train_colored,tennis_ball,unknown
train_colored\balloon\00363.png,train_colored,balloon,unknown
train_colored\tennis_ball\00364.png,train_colored,tennis_ball,unknown
train_colored\tennis_ball\00365.png,train_colored,tennis_ball,unknown
train_colored\balloon\00366.png,train_colored,balloon,unknown
train_colored\tennis_ball\00367.png,train_colored,tennis_ball,unknown
train_colored\balloon\00368.png,train_colored,balloon,unknown
train_colored\balloon\00369.png,train_colored,balloon,unknown
train_colored\balloon\00370.png,train_colored,balloon,unknown
train_colored\balloon\00371.png,train_colored,balloon,unknown
train_colored\balloon\00372.png,train_colored,balloon,unknown
train_colored\balloon\00373.png,train_colored,balloon,unknown
train_colored\balloon\00374.png,train_colored,balloon,unknown
train_colored\balloon\00375.png,train_colored,balloon,unknown
train_colored\tennis_ball\00376.png,train_colored,tennis_ball,unknown
train_colored\balloon\00377.png,train_colored,balloon,unknown
train_colored\balloon\00378.png,train_colored,balloon,unknown
train_colored\tennis_ball\00379.png,train_colored,tennis_ball,unknown
train_colored\balloon\00380.png,train_colored,balloon,unknown
train_colored\tennis_ball\00381.png,train_colored,tennis_ball,unknown
train_colored\balloon\00382.png,train_colored,balloon,unknown
train_colored\tennis_ball\00383.png,train_colored,tennis_ball,unknown
train_colored\balloon\00384.png,train_colored,balloon,unknown
train_colored\balloon\00385.png,train_colored,balloon,unknown
train_colored\balloon\00386.png,train_colored,balloon,unknown
train_colored\tennis_ball\00387.png,train_colored,tennis_ball,unknown
train_colored\balloon\00388.png,train_colored,balloon,unknown
train_colored\tennis_ball\00389.png,train_colored,tennis_ball,unknown
train_colored\balloon\00390.png,train_colored,balloon,unknown
train_colored\tennis_ball\00391.png,train_colored,tennis_ball,unknown
train_colored\tennis_ball\00392.png,train_colored,tennis_ball,unknown
train_colored\tennis_ball\00393.png,train_colored,tennis_ball,unknown
train_colored\tennis_ball\00394.png,train_colored,tennis_ball,unknown
train_colored\tennis_ball\00395.png,train_colored,tennis_ball,unknown
train_colored\balloon\00396.png,train_colored,balloon,unknown
train_colored\balloon\00397.png,train_colored,balloon,unknown
train_colored\balloon\00398.png,train_colored,balloon,unknown
train_colored\balloon\00399.png,train_colored,balloon,unknown
train_colored\balloon\00400.png,train_colored,balloon,unknown
train_colored\tennis_ball\00401.png,train_colored,tennis_ball,unknown
train_colored\balloon\00402.png,train_colored,balloon,unknown
train_colored\tennis_ball\00403.png,train_colored,tennis_ball,unknown
train_colored\tennis_ball\00404.png,train_colored,tennis_ball,unknown
train_colored\balloon\00405.png,train_colored,balloon,unknown
train_colored\balloon\00406.png,train_colored,balloon,unknown
train_colored\tennis_ball\00407.png,train_colored,tennis_ball,unknown
train_colored\balloon\00408.png,train_colored,balloon,unknown
train_colored\balloon\00409.png,train_colored,balloon,unknown
train_colored\balloon\00410.png,train_colored,balloon,unknown
train_colored\balloon\00411.png,train_colored,balloon,unknown
train_colored\balloon\00412.png,train_colored,balloon,unknown
train_colored\balloon\00413.png,train_colored,balloon,unknown
train_colored\tennis_ball\00414.png,train_colored,tennis_ball,unknown
train_colored\balloon\00415.png,train_colored,balloon,unknown
train_colored\tennis_ball\00416.png,train_colored,tennis_ball,unknown
train_colored\tennis_ball\00417.png,train_colored,tennis_ball,unknown
train_colored\tennis_ball\00418.png,train_colored,tennis_ball,unknown
train_colored\balloon\00419.png,train_colored,balloon,unknown
train_colored\tennis_ball\00420.png,train_colored,tennis_ball,unknown
train_colored\balloon\00421.png,train_colored,balloon,unknown
train_colored\tennis_ball\00422.png,train_colored,tennis_ball,unknown
train_colored\balloon\00423.png,train_colored,balloon,unknown
train_colored\balloon\00424.png,train_colored,balloon,unknown
train_colored\balloon\00425.png,train_colored,balloon,unknown
train_colored\balloon\00426.png,train_colored,balloon,unknown
train_colored\balloon\00427.png,train_colored,balloon,unknown
train_colored\balloon\00428.png,train_colored,balloon,unknown
train_colored\tennis_ball\00429.png,train_colored,tennis_ball,unknown
train_colored\tennis_ball\00430.png,train_colored,tennis_ball,unknown
train_colored\tennis_ball\00431.png,train_colored,tennis_ball,unknown
train_colored\tennis_ball\00432.png,train_colored,tennis_ball,unknown
train_colored\tennis_ball\00433.png,train_colored,tennis_ball,unknown
train_colored\balloon\00434.png,train_colored,balloon,unknown
train_colored\tennis_ball\00435.png,train_colored,tennis_ball,unknown
train_colored\tennis_ball\00436.png,train_colored,tennis_ball,unknown
train_colored\balloon\00437.png,train_colored,balloon,unknown
train_colored\balloon\00438.png,train_colored,balloon,unknown
train_colored\tennis_ball\00439.png,train_colored,tennis_ball,unknown
train_colored\tennis_ball\00440.png,train_colored,tennis_ball,unknown
train_colored\tennis_ball\00441.png,train_colored,tennis_ball,unknown
train_colored\tennis_ball\00442.png,train_colored,tennis_ball,unknown
train_colored\tennis_ball\00443.png,train_colored,tennis_ball,unknown
train_colored\tennis_ball\00444.png,train_colored,tennis_ball,unknown
train_colored\balloon\00445.png,train_colored,balloon,unknown
train_colored\balloon\00446.png,train_colored,balloon,unknown
train_colored\balloon\00447.png,train_colored,balloon,unknown
train_colored\tennis_ball\00448.png,train_colored,tennis_ball,unknown
train_colored\tennis_ball\00449.png,train_colored,tennis_ball,unknown
train_colored\balloon\00450.png,train_colored,balloon,unknown
train_colored\balloon\00451.png,train_colored,balloon,unknown
train_colored\balloon\00452.png,train_colored,balloon,unknown
train_colored\tennis_ball\00453.png,train_colored,tennis_ball,unknown
train_colored\balloon\00454.png,train_colored,balloon,unknown
train_colored\balloon\00455.png,train_colored,balloon,unknown
train_colored\balloon\00456.png,train_colored,balloon,unknown
train_colored\balloon\00457.png,train_colored,balloon,unknown
train_colored\balloon\00458.png,train_colored,balloon,unknown
train_colored\tennis_ball\00459.png,train_colored,tennis_ball,unknown
train_colored\tennis_ball\00460.png,train_colored,tennis_ball,unknown
train_colored\tennis_ball\00461.png,train_colored,tennis_ball,unknown
train_colored\balloon\00462.png,train_colored,balloon,unknown
train_colored\tennis_ball\00463.png,train_colored,tennis_ball,unknown
train_colored\tennis_ball\00464.png,train_colored,tennis_ball,unknown
train_colored\balloon\00465.png,train_colored,balloon,unknown
train_colored\balloon\00466.png,train_colored,balloon,unknown
train_colored\balloon\00467.png,train_colored,balloon,unknown
train_colored\tennis_ball\00468.png,train_colored,tennis_ball,unknown
train_colored\tennis_ball\00469.png,train_colored,tennis_ball,unknown
train_colored\balloon\00470.png,train_colored,balloon,unknown
train_colored\tennis_ball\00471.png,train_colored,tennis_ball,unknown
train_colored\balloon\00472.png,train_colored,balloon,unknown
train_colored\tennis_ball\00473.png,train_colored,tennis_ball,unknown
train_colored\balloon\00474.png,train_colored,balloon,unknown
train_colored\balloon\00475.png,train_colored,balloon,unknown
train_colored\balloon\00476.png,train_colored,balloon,unknown
train_colored\balloon\00477.png,train_colored,balloon,unknown
train_colored\balloon\00478.png,train_colored,balloon,unknown
train_colored\tennis_ball\00479.png,train_colored,tennis_ball,unknown
train_colored\balloon\00480.png,train_colored,balloon,unknown
train_colored\balloon\00481.png,train_colored,balloon,unknown
train_colored\tennis_ball\00482.png,train_colored,tennis_ball,unknown
train_colored\tennis_ball\00483.png,train_colored,tennis_ball,unknown
train_colored\tennis_ball\00484.png,train_colored,tennis_ball,unknown
train_colored\tennis_ball\00485.png,train_colored,tennis_ball,unknown
train_colored\tennis_ball\00486.png,train_colored,tennis_ball,unknown
train_colored\balloon\00487.png,train_colored,balloon,unknown
train_colored\balloon\00488.png,train_colored,balloon,unknown
train_colored\tennis_ball\00489.png,train_colored,tennis_ball,unknown
train_colored\balloon\00490.png,train_colored,balloon,unknown
train_colored\tennis_ball\00491.png,train_colored,tennis_ball,unknown
train_colored\tennis_ball\00492.png,train_colored,tennis_ball,unknown
train_colored\tennis_ball\00493.png,train_colored,tennis_ball,unknown
train_colored\tennis_ball\00494.png,train_colored,tennis_ball,unknown
train_colored\tennis_ball\00495.png,train_colored,tennis_ball,unknown
train_colored\tennis_ball\00496.png,train_colored,tennis_ball,unknown
train_colored\balloon\00497.png,train_colored,balloon,unknown
train_colored\balloon\00498.png,train_colored,balloon,unknown
train_colored\balloon\00499.png,train_colored,balloon,unknown
train_colored\balloon\00500.png,train_colored,balloon,unknown
train_colored\tennis_ball\00501.png,train_colored,tennis_ball,unknown
train_colored\tennis_ball\00502.png,train_colored,tennis_ball,unknown
train_colored\balloon\00503.png,train_colored,balloon,unknown
train_colored\balloon\00504.png,train_colored,balloon,unknown
train_colored\balloon\00505.png,train_colored,balloon,unknown
train_colored\tennis_ball\00506.png,train_colored,tennis_ball,unknown
train_colored\balloon\00507.png,train_colored,balloon,unknown
train_colored\balloon\00508.png,train_colored,balloon,unknown
train_colored\balloon\00509.png,train_colored,balloon,unknown
train_colored\balloon\00510.png,train_colored,balloon,unknown
train_colored\balloon\00511.png,train_colored,balloon,unknown
train_colored\balloon\00512.png,train_colored,balloon,unknown
train_colored\balloon\00513.png,train_colored,balloon,unknown
train_colored\balloon\00514.png,train_colored,balloon,unknown
train_colored\balloon\00515.png,train_colored,balloon,unknown
train_colored\balloon\00516.png,train_colored,balloon,unknown
train_colored\tennis_ball\00517.png,train_colored,tennis_ball,unknown
train_colored\balloon\00518.png,train_colored,balloon,unknown
train_colored\tennis_ball\00519.png,train_colored,tennis_ball,unknown
train_colored\balloon\00520.png,train_colored,balloon,unknown
train_colored\balloon\00521.png,train_colored,balloon,unknown
train_colored\balloon\00522.png,train_colored,balloon,unknown
train_colored\tennis_ball\00523.png,train_colored,tennis_ball,unknown
train_colored\balloon\00524.png,train_colored,balloon,unknown
train_colored\balloon\00525.png,train_colored,balloon,unknown
train_colored\tennis_ball\00526.png,train_colored,tennis_ball,unknown
train_colored\balloon\00527.png,train_colored,balloon,unknown
train_colored\tennis_ball\00528.png,train_colored,tennis_ball,unknown
train_colored\balloon\00529.png,train_colored,balloon,unknown
train_colored\tennis_ball\00530.png,train_colored,tennis_ball,unknown
train_colored\tennis_ball\00531.png,train_colored,tennis_ball,unknown
train_colored\tennis_ball\00532.png,train_colored,tennis_ball,unknown
train_colored\balloon\00533.png,train_colored,balloon,unknown
train_colored\tennis_ball\00534.png,train_colored,tennis_ball,unknown
train_colored\tennis_ball\00535.png,train_colored,tennis_ball,unknown
train_colored\tennis_ball\00536.png,train_colored,tennis_ball,unknown
train_colored\balloon\00537.png,train_colored,balloon,unknown
train_colored\balloon\00538.png,train_colored,balloon,unknown
train_colored\tennis_ball\00539.png,train_colored,tennis_ball,unknown
train_colored\tennis_ball\00540.png,train_colored,tennis_ball,unknown
train_colored\balloon\00541.png,train_colored,balloon,unknown
train_colored\balloon\00542.png,train_colored,balloon,unknown
train_colored\balloon\00543.png,train_colored,balloon,unknown
train_colored\tennis_ball\00544.png,train_colored,tennis_ball,unknown
train_colored\tennis_ball\00545.png,train_colored,tennis_ball,unknown
train_colored\tennis_ball\00546.png,train_colored,tennis_ball,unknown
train_colored\balloon\00547.png,train_colored,balloon,unknown
train_colored\balloon\00548.png,train_colored,balloon,unknown
train_colored\tennis_ball\00549.png,train_colored,tennis_ball,unknown
train_colored\tennis_ball\00550.png,train_colored,tennis_ball,unknown
train_colored\tennis_ball\00551.png,train_colored,tennis_ball,unknown
train_colored\tennis_ball\00552.png,train_colored,tennis_ball,unknown
train_colored\tennis_ball\00553.png,train_colored,tennis_ball,unknown
train_colored\tennis_ball\00554.png,train_colored,tennis_ball,unknown
train_colored\tennis_ball\00555.png,train_colored,tennis_ball,unknown
train_colored\balloon\00556.png,train_colored,balloon,unknown
train_colored\tennis_ball\00557.png,train_colored,tennis_ball,unknown
train_colored\tennis_ball\00558.png,train_colored,tennis_ball,unknown
train_colored\tennis_ball\00559.png,train_colored,tennis_ball,unknown
train_colored\balloon\00560.png,train_colored,balloon,unknown
train_colored\tennis_ball\00561.png,train_colored,tennis_ball,unknown
train_colored\balloon\00562.png,train_colored,balloon,unknown
train_colored\balloon\00563.png,train_colored,balloon,unknown
train_colored\balloon\00564.png,train_colored,balloon,unknown
train_colored\balloon\00565.png,train_colored,balloon,unknown
train_colored\tennis_ball\00566.png,train_colored,tennis_ball,unknown
train_colored\tennis_ball\00567.png,train_colored,tennis_ball,unknown
train_colored\balloon\00568.png,train_colored,balloon,unknown
train_colored\balloon\00569.png,train_colored,balloon,unknown
train_colored\tennis_ball\00570.png,train_colored,tennis_ball,unknown
train_colored\balloon\00571.png,train_colored,balloon,unknown
train_colored\tennis_ball\00572.png,train_colored,tennis_ball,unknown
train_colored\tennis_ball\00573.png,train_colored,tennis_ball,unknown
train_colored\balloon\00574.png,train_colored,balloon,unknown
train_colored\balloon\00575.png,train_colored,balloon,unknown
train_colored\balloon\00576.png,train_colored,balloon,unknown
train_colored\tennis_ball\00577.png,train_colored,tennis_ball,unknown
train_colored\balloon\00578.png,train_colored,balloon,unknown
train_colored\balloon\00579.png,train_colored,balloon,unknown
train_colored\balloon\00580.png,train_colored,balloon,unknown
train_colored\tennis_ball\00581.png,train_colored,tennis_ball,unknown
train_colored\tennis_ball\00582.png,train_colored,tennis_ball,unknown
train_colored\balloon\00583.png,train_colored,balloon,unknown
train_colored\balloon\00584.png,train_colored,balloon,unknown
train_colored\tennis_ball\00585.png,train_colored,tennis_ball,unknown
train_colored\balloon\00586.png,train_colored,balloon,unknown
train_colored\tennis_ball\00587.png,train_colored,tennis_ball,unknown
train_colored\balloon\00588.png,train_colored,balloon,unknown
train_colored\tennis_ball\00589.png,train_colored,tennis_ball,unknown
train_colored\balloon\00590.png,train_colored,balloon,unknown
train_colored\tennis_ball\00591.png,train_colored,tennis_ball,unknown
train_colored\balloon\00592.png,train_colored,balloon,unknown
train_colored\tennis_ball\00593.png,train_colored,tennis_ball,unknown
train_colored\tennis_ball\00594.png,train_colored,tennis_ball,unknown
train_colored\tennis_ball\00595.png,train_colored,tennis_ball,unknown
train_colored\balloon\00596.png,train_colored,balloon,unknown
train_colored\balloon\00597.png,train_colored,balloon,unknown
train_colored\tennis_ball\00598.png,train_colored,tennis_ball,unknown
train_colored\balloon\00599.png,train_colored,balloon,unknown
train_colored\balloon\00600.png,train_colored,balloon,unknown
train_colored\balloon\00601.png,train_colored,balloon,unknown
train_colored\tennis_ball\00602.png,train_colored,tennis_ball,unknown
train_colored\balloon\00603.png,train_colored,balloon,unknown
train_colored\tennis_ball\00604.png,train_colored,tennis_ball,unknown
train_colored\balloon\00605.png,train_colored,balloon,unknown
train_colored\tennis_ball\00606.png,train_colored,tennis_ball,unknown
train_colored\balloon\00607.png,train_colored,balloon,unknown
train_colored\tennis_ball\00608.png,train_colored,tennis_ball,unknown
train_colored\balloon\00609.png,train_colored,balloon,unknown
train_colored\tennis_ball\00610.png,train_colored,tennis_ball,unknown
train_colored\balloon\00611.png,train_colored,balloon,unknown
train_colored\tennis_ball\00612.png,train_colored,tennis_ball,unknown
train_colored\tennis_ball\00613.png,train_colored,tennis_ball,unknown
train_colored\tennis_ball\00614.png,train_colored,tennis_ball,unknown
train_colored\tennis_ball\00615.png,train_colored,tennis_ball,unknown
train_colored\balloon\00616.png,train_colored,balloon,unknown
train_colored\balloon\00617.png,train_colored,balloon,unknown
train_colored\tennis_ball\00618.png,train_colored,tennis_ball,unknown
train_colored\balloon\00619.png,train_colored,balloon,unknown
train_colored\balloon\00620.png,train_colored,balloon,unknown
train_colored\balloon\00621.png,train_colored,balloon,unknown
train_colored\balloon\00622.png,train_colored,balloon,unknown
train_colored\tennis_ball\00623.png,train_colored,tennis_ball,unknown
train_colored\tennis_ball\00624.png,train_colored,tennis_ball,unknown
train_colored\tennis_ball\00625.png,train_colored,tennis_ball,unknown
train_colored\tennis_ball\00626.png,train_colored,tennis_ball,unknown
train_colored\tennis_ball\00627.png,train_colored,tennis_ball,unknown
train_colored\tennis_ball\00628.png,train_colored,tennis_ball,unknown
train_colored\balloon\00629.png,train_colored,balloon,unknown
train_colored\balloon\00630.png,train_colored,balloon,unknown
train_colored\balloon\00631.png,train_colored,balloon,unknown
train_colored\balloon\00632.png,train_colored,balloon,unknown
train_colored\balloon\00633.png,train_colored,balloon,unknown
train_colored\tennis_ball\00634.png,train_colored,tennis_ball,unknown
train_colored\balloon\00635.png,train_colored,balloon,unknown
train_colored\tennis_ball\00636.png,train_colored,tennis_ball,unknown
train_colored\tennis_ball\00637.png,train_colored,tennis_ball,unknown
train_colored\balloon\00638.png,train_colored,balloon,unknown
train_colored\tennis_ball\00639.png,train_colored,tennis_ball,unknown
train_colored\balloon\00640.png,train_colored,balloon,unknown
train_colored\tennis_ball\00641.png,train_colored,tennis_ball,unknown
train_colored\balloon\00642.png,train_colored,balloon,unknown
train_colored\balloon\00643.png,train_colored,balloon,unknown
train_colored\balloon\00644.png,train_colored,balloon,unknown
train_colored\tennis_ball\00645.png,train_colored,tennis_ball,unknown
train_colored\tennis_ball\00646.png,train_colored,tennis_ball,unknown
train_colored\balloon\00647.png,train_colored,balloon,unknown
train_colored\balloon\00648.png,train_colored,balloon,unknown
train_colored\balloon\00649.png,train_colored,balloon,unknown
train_colored\balloon\00650.png,train_colored,balloon,unknown
train_colored\balloon\00651.png,train_colored,balloon,unknown
train_colored\balloon\00652.png,train_colored,balloon,unknown
train_colored\tennis_ball\00653.png,train_colored,tennis_ball,unknown
train_colored\balloon\00654.png,train_colored,balloon,unknown
train_colored\balloon\00655.png,train_colored,balloon,unknown
train_colored\balloon\00656.png,train_colored,balloon,unknown
train_colored\tennis_ball\00657.png,train_colored,tennis_ball,unknown
train_colored\tennis_ball\00658.png,train_colored,tennis_ball,unknown
train_colored\tennis_ball\00659.png,train_colored,tennis_ball,unknown
train_colored\tennis_ball\00660.png,train_colored,tennis_ball,unknown
train_colored\balloon\00661.png,train_colored,balloon,unknown
train_colored\balloon\00662.png,train_colored,balloon,unknown
train_colored\tennis_ball\00663.png,train_colored,tennis_ball,unknown
train_colored\balloon\00664.png,train_colored,balloon,unknown
train_colored\balloon\00665.png,train_colored,balloon,unknown
train_colored\tennis_ball\00666.png,train_colored,tennis_ball,unknown
train_colored\tennis_ball\00667.png,train_colored,tennis_ball,unknown
train_colored\balloon\00668.png,train_colored,balloon,unknown
train_colored\balloon\00669.png,train_colored,balloon,unknown
train_colored\tennis_ball\00670.png,train_colored,tennis_ball,unknown
train_colored\tennis_ball\00671.png,train_colored,tennis_ball,unknown
train_colored\tennis_ball\00672.png,train_colored,tennis_ball,unknown
train_colored\balloon\00673.png,train_colored,balloon,unknown
train_colored\tennis_ball\00674.png,train_colored,tennis_ball,unknown
train_colored\balloon\00675.png,train_colored,balloon,unknown
train_colored\balloon\00676.png,train_colored,balloon,unknown
train_colored\tennis_ball\00677.png,train_colored,tennis_ball,unknown
train_colored\tennis_ball\00678.png,train_colored,tennis_ball,unknown
train_colored\balloon\00679.png,train_colored,balloon,unknown
train_colored\tennis_ball\00680.png,train_colored,tennis_ball,unknown
train_colored\balloon\00681.png,train_colored,balloon,unknown
train_colored\tennis_ball\00682.png,train_colored,tennis_ball,unknown
train_colored\tennis_ball\00683.png,train_colored,tennis_ball,unknown
train_colored\balloon\00684.png,train_colored,balloon,unknown
train_colored\balloon\00685.png,train_colored,balloon,unknown
train_colored\tennis_ball\00686.png,train_colored,tennis_ball,unknown
train_colored\balloon\00687.png,train_colored,balloon,unknown
train_colored\balloon\00688.png,train_colored,balloon,unknown
train_colored\balloon\00689.png,train_colored,balloon,unknown
train_colored\balloon\00690.png,train_colored,balloon,unknown
train_colored\tennis_ball\00691.png,train_colored,tennis_ball,unknown
train_colored\tennis_ball\00692.png,train_colored,tennis_ball,unknown
train_colored\tennis_ball\00693.png,train_colored,tennis_ball,unknown
train_colored\tennis_ball\00694.png,train_colored,tennis_ball,unknown
train_colored\tennis_ball\00695.png,train_colored,tennis_ball,unknown
train_colored\balloon\00696.png,train_colored,balloon,unknown
train_colored\balloon\00697.png,train_colored,balloon,unknown
train_colored\balloon\00698.png,train_colored,balloon,unknown
train_colored\balloon\00699.png,train_colored,balloon,unknown
train_colored\tennis_ball\00700.png,train_colored,tennis_ball,unknown
train_colored\tennis_ball\00701.png,train_colored,tennis_ball,unknown
train_colored\tennis_ball\00702.png,train_colored,tennis_ball,unknown
train_colored\balloon\00703.png,train_colored,balloon,unknown
train_colored\tennis_ball\00704.png,train_colored,tennis_ball,unknown
train_colored\balloon\00705.png,train_colored,balloon,unknown
train_colored\tennis_ball\00706.png,train_colored,tennis_ball,unknown
train_colored\tennis_ball\00707.png,train_colored,tennis_ball,unknown
train_colored\balloon\00708.png,train_colored,balloon,unknown
train_colored\balloon\00709.png,train_colored,balloon,unknown
train_colored\tennis_ball\00710.png,train_colored,tennis_ball,unknown
train_colored\balloon\00711.png,train_colored,balloon,unknown
train_colored\balloon\00712.png,train_colored,balloon,unknown
train_colored\tennis_ball\00713.png,train_colored,tennis_ball,unknown
train_colored\tennis_ball\00714.png,train_colored,tennis_ball,unknown
train_colored\tennis_ball\00715.png,train_colored,tennis_ball,unknown
train_colored\balloon\00716.png,train_colored,balloon,unknown
train_colored\balloon\00717.png,train_colored,balloon,unknown
train_colored\tennis_ball\00718.png,train_colored,tennis_ball,unknown
train_colored\tennis_ball\00719.png,train_colored,tennis_ball,unknown
train_colored\tennis_ball\00720.png,train_colored,tennis_ball,unknown
train_colored\balloon\00721.png,train_colored,balloon,unknown
train_colored\balloon\00722.png,train_colored,balloon,unknown
train_colored\tennis_ball\00723.png,train_colored,tennis_ball,unknown
train_colored\tennis_ball\00724.png,train_colored,tennis_ball,unknown
train_colored\balloon\00725.png,train_colored,balloon,unknown
train_colored\tennis_ball\00726.png,train_colored,tennis_ball,unknown
train_colored\balloon\00727.png,train_colored,balloon,unknown
train_colored\balloon\00728.png,train_colored,balloon,unknown
train_colored\balloon\00729.png,train_colored,balloon,unknown
train_colored\balloon\00730.png,train_colored,balloon,unknown
train_colored\balloon\00731.png,train_colored,balloon,unknown
train_colored\tennis_ball\00732.png,train_colored,tennis_ball,unknown
train_colored\tennis_ball\00733.png,train_colored,tennis_ball,unknown
train_colored\balloon\00734.png,train_colored,balloon,unknown
train_colored\tennis_ball\00735.png,train_colored,tennis_ball,unknown
train_colored\tennis_ball\00736.png,train_colored,tennis_ball,unknown
train_colored\balloon\00737.png,train_colored,balloon,unknown
train_colored\balloon\00738.png,train_colored,balloon,unknown
train_colored\balloon\00739.png,train_colored,balloon,unknown
train_colored\balloon\00740.png,train_colored,balloon,unknown
train_colored\balloon\00741.png,train_colored,balloon,unknown
train_colored\tennis_ball\00742.png,train_colored,tennis_ball,unknown
train_colored\tennis_ball\00743.png,train_colored,tennis_ball,unknown
train_colored\tennis_ball\00744.png,train_colored,tennis_ball,unknown
train_colored\balloon\00745.png,train_colored,balloon,unknown
train_colored\balloon\00746.png,train_colored,balloon,unknown
train_colored\tennis_ball\00747.png,train_colored,tennis_ball,unknown
train_colored\balloon\00748.png,train_colored,balloon,unknown
train_colored\tennis_ball\00749.png,train_colored,tennis_ball,unknown
train_colored\balloon\00750.png,train_colored,balloon,unknown
train_colored\tennis_ball\00751.png,train_colored,tennis_ball,unknown
train_colored\tennis_ball\00752.png,train_colored,tennis_ball,unknown
train_colored\tennis_ball\00753.png,train_colored,tennis_ball,unknown
train_colored\balloon\00754.png,train_colored,balloon,unknown
train_colored\tennis_ball\00755.png,train_colored,tennis_ball,unknown
train_colored\tennis_ball\00756.png,train_colored,tennis_ball,unknown
train_colored\balloon\00757.png,train_colored,balloon,unknown
train_colored\tennis_ball\00758.png,train_colored,tennis_ball,unknown
train_colored\tennis_ball\00759.png,train_colored,tennis_ball,unknown
train_colored\balloon\00760.png,train_colored,balloon,unknown
train_colored\tennis_ball\00761.png,train_colored,tennis_ball,unknown
train_colored\balloon\00762.png,train_colored,balloon,unknown
train_colored\tennis_ball\00763.png,train_colored,tennis_ball,unknown
train_colored\balloon\00764.png,train_colored,balloon,unknown
train_colored\balloon\00765.png,train_colored,balloon,unknown
train_colored\balloon\00766.png,train_colored,balloon,unknown
train_colored\tennis_ball\00767.png,train_colored,tennis_ball,unknown
train_colored\tennis_ball\00768.png,train_colored,tennis_ball,unknown
train_colored\balloon\00769.png,train_colored,balloon,unknown
train_colored\tennis_ball\00770.png,train_colored,tennis_ball,unknown
train_colored\balloon\00771.png,train_colored,balloon,unknown
train_colored\balloon\00772.png,train_colored,balloon,unknown
train_colored\tennis_ball\00773.png,train_colored,tennis_ball,unknown
train_colored\tennis_ball\00774.png,train_colored,tennis_ball,unknown
train_colored\balloon\00775.png,train_colored,balloon,unknown
train_colored\balloon\00776.png,train_colored,balloon,unknown
train_colored\tennis_ball\00777.png,train_colored,tennis_ball,unknown
train_colored\tennis_ball\00778.png,train_colored,tennis_ball,unknown
train_colored\balloon\00779.png,train_colored,balloon,unknown
train_colored\balloon\00780.png,train_colored,balloon,unknown
train_colored\balloon\00781.png,train_colored,balloon,unknown
train_colored\tennis_ball\00782.png,train_colored,tennis_ball,unknown
train_colored\tennis_ball\00783.png,train_colored,tennis_ball,unknown
train_colored\balloon\00784.png,train_colored,balloon,unknown
train_colored\tennis_ball\00785.png,train_colored,tennis_ball,unknown
train_colored\tennis_ball\00786.png,train_colored,tennis_ball,unknown
train_colored\tennis_ball\00787.png,train_colored,tennis_ball,unknown
train_colored\tennis_ball\00788.png,train_colored,tennis_ball,unknown
train_colored\tennis_ball\00789.png,train_colored,tennis_ball,unknown
train_colored\balloon\00790.png,train_colored,balloon,unknown
train_colored\tennis_ball\00791.png,train_colored,tennis_ball,unknown
train_colored\tennis_ball\00792.png,train_colored,tennis_ball,unknown
train_colored\balloon\00793.png,train_colored,balloon,unknown
train_colored\tennis_ball\00794.png,train_colored,tennis_ball,unknown
train_colored\balloon\00795.png,train_colored,balloon,unknown
train_colored\tennis_ball\00796.png,train_colored,tennis_ball,unknown
train_colored\tennis_ball\00797.png,train_colored,tennis_ball,unknown
train_colored\balloon\00798.png,train_colored,balloon,unknown
train_colored\tennis_ball\00799.png,train_colored,tennis_ball,unknown
train_colored\balloon\00800.png,train_colored,balloon,unknown
train_colored\balloon\00801.png,train_colored,balloon,unknown
train_colored\balloon\00802.png,train_colored,balloon,unknown
train_colored\tennis_ball\00803.png,train_colored,tennis_ball,unknown
train_colored\balloon\00804.png,train_colored,balloon,unknown
train_colored\balloon\00805.png,train_colored,balloon,unknown
train_colored\tennis_ball\00806.png,train_colored,tennis_ball,unknown
train_colored\tennis_ball\00807.png,train_colored,tennis_ball,unknown
train_colored\tennis_ball\00808.png,train_colored,tennis_ball,unknown
train_colored\balloon\00809.png,train_colored,balloon,unknown
train_colored\tennis_ball\00810.png,train_colored,tennis_ball,unknown
train_colored\tennis_ball\00811.png,train_colored,tennis_ball,unknown
train_colored\tennis_ball\00812.png,train_colored,tennis_ball,unknown
train_colored\balloon\00813.png,train_colored,balloon,unknown
train_colored\tennis_ball\00814.png,train_colored,tennis_ball,unknown
train_colored\tennis_ball\00815.png,train_colored,tennis_ball,unknown
train_colored\tennis_ball\00816.png,train_colored,tennis_ball,unknown
train_colored\balloon\00817.png,train_colored,balloon,unknown
train_colored\tennis_ball\00818.png,train_colored,tennis_ball,unknown
train_colored\tennis_ball\00819.png,train_colored,tennis_ball,unknown
train_colored\balloon\00820.png,train_colored,balloon,unknown
train_colored\tennis_ball\00821.png,train_colored,tennis_ball,unknown
train_colored\balloon\00822.png,train_colored,balloon,unknown
train_colored\balloon\00823.png,train_colored,balloon,unknown
train_colored\balloon\00824.png,train_colored,balloon,unknown
train_colored\tennis_ball\00825.png,train_colored,tennis_ball,unknown
train_colored\tennis_ball\00826.png,train_colored,tennis_ball,unknown
train_colored\tennis_ball\00827.png,train_colored,tennis_ball,unknown
train_colored\tennis_ball\00828.png,train_colored,tennis_ball,unknown
train_colored\tennis_ball\00829.png,train_colored,tennis_ball,unknown
train_colored\balloon\00830.png,train_colored,balloon,unknown
train_colored\balloon\00831.png,train_colored,balloon,unknown
train_colored\tennis_ball\00832.png,train_colored,tennis_ball,unknown
train_colored\balloon\00833.png,train_colored,balloon,unknown
train_colored\tennis_ball\00834.png,train_colored,tennis_ball,unknown
train_colored\tennis_ball\00835.png,train_colored,tennis_ball,unknown
train_colored\balloon\00836.png,train_colored,balloon,unknown
train_colored\balloon\00837.png,train_colored,balloon,unknown
train_colored\balloon\00838.png,train_colored,balloon,unknown
train_colored\tennis_ball\00839.png,train_colored,tennis_ball,unknown
train_colored\balloon\00840.png,train_colored,balloon,unknown
train_colored\tennis_ball\00841.png,train_colored,tennis_ball,unknown
train_colored\tennis_ball\00842.png,train_colored,tennis_ball,unknown
train_colored\tennis_ball\00843.png,train_colored,tennis_ball,unknown
train_colored\tennis_ball\00844.png,train_colored,tennis_ball,unknown
train_colored\tennis_ball\00845.png,train_colored,tennis_ball,unknown
train_colored\tennis_ball\00846.png,train_colored,tennis_ball,unknown
train_colored\tennis_ball\00847.png,train_colored,tennis_ball,unknown
train_colored\tennis_ball\00848.png,train_colored,tennis_ball,unknown
train_colored\balloon\00849.png,train_colored,balloon,unknown
train_colored\tennis_ball\00850.png,train_colored,tennis_ball,unknown
train_colored\tennis_ball\00851.png,train_colored,tennis_ball,unknown
train_colored\balloon\00852.png,train_colored,balloon,unknown
train_colored\balloon\00853.png,train_colored,balloon,unknown
train_colored\tennis_ball\00854.png,train_colored,tennis_ball,unknown
train_colored\tennis_ball\00855.png,train_colored,tennis_ball,unknown
train_colored\tennis_ball\00856.png,train_colored,tennis_ball,unknown
train_colored\tennis_ball\00857.png,train_colored,tennis_ball,unknown
train_colored\balloon\00858.png,train_colored,balloon,unknown
train_colored\tennis_ball\00859.png,train_colored,tennis_ball,unknown
train_colored\balloon\00860.png,train_colored,balloon,unknown
train_colored\balloon\00861.png,train_colored,balloon,unknown
train_colored\balloon\00862.png,train_colored,balloon,unknown
train_colored\tennis_ball\00863.png,train_colored,tennis_ball,unknown
train_colored\balloon\00864.png,train_colored,balloon,unknown
train_colored\tennis_ball\00865.png,train_colored,tennis_ball,unknown
train_colored\tennis_ball\00866.png,train_colored,tennis_ball,unknown
train_colored\balloon\00867.png,train_colored,balloon,unknown
train_colored\balloon\00868.png,train_colored,balloon,unknown
train_colored\tennis_ball\00869.png,train_colored,tennis_ball,unknown
train_colored\tennis_ball\00870.png,train_colored,tennis_ball,unknown
train_colored\balloon\00871.png,train_colored,balloon,unknown
train_colored\tennis_ball\00872.png,train_colored,tennis_ball,unknown
train_colored\balloon\00873.png,train_colored,balloon,unknown
train_colored\tennis_ball\00874.png,train_colored,tennis_ball,unknown
train_colored\balloon\00875.png,train_colored,balloon,unknown
train_colored\balloon\00876.png,train_colored,balloon,unknown
train_colored\balloon\00877.png,train_colored,balloon,unknown
train_colored\balloon\00878.png,train_colored,balloon,unknown
train_colored\tennis_ball\00879.png,train_colored,tennis_ball,unknown
train_colored\tennis_ball\00880.png,train_colored,tennis_ball,unknown
train_colored\tennis_ball\00881.png,train_colored,tennis_ball,unknown
train_colored\tennis_ball\00882.png,train_colored,tennis_ball,unknown
train_colored\balloon\00883.png,train_colored,balloon,unknown
train_colored\balloon\00884.png,train_colored,balloon,unknown
train_colored\tennis_ball\00885.png,train_colored,tennis_ball,unknown
train_colored\balloon\00886.png,train_colored,balloon,unknown
train_colored\balloon\00887.png,train_colored,balloon,unknown
train_colored\balloon\00888.png,train_colored,balloon,unknown
train_colored\balloon\00889.png,train_colored,balloon,unknown
train_colored\balloon\00890.png,train_colored,balloon,unknown
train_colored\balloon\00891.png,train_colored,balloon,unknown
train_colored\balloon\00892.png,train_colored,balloon,unknown
train_colored\balloon\00893.png,train_colored,balloon,unknown
train_colored\balloon\00894.png,train_colored,balloon,unknown
train_colored\balloon\00895.png,train_colored,balloon,unknown
train_colored\balloon\00896.png,train_colored,balloon,unknown
train_colored\balloon\00897.png,train_colored,balloon,unknown
train_colored\tennis_ball\00898.png,train_colored,tennis_ball,unknown
train_colored\tennis_ball\00899.png,train_colored,tennis_ball,unknown
train_colored\balloon\00900.png,train_colored,balloon,unknown
train_colored\tennis_ball\00901.png,train_colored,tennis_ball,unknown
train_colored\tennis_ball\00902.png,train_colored,tennis_ball,unknown
train_colored\tennis_ball\00903.png,train_colored,tennis_ball,unknown
train_colored\tennis_ball\00904.png,train_colored,tennis_ball,unknown
train_colored\balloon\00905.png,train_colored,balloon,unknown
train_colored\balloon\00906.png,train_colored,balloon,unknown
train_colored\tennis_ball\00907.png,train_colored,tennis_ball,unknown
train_colored\tennis_ball\00908.png,train_colored,tennis_ball,unknown
train_colored\tennis_ball\00909.png,train_colored,tennis_ball,unknown
train_colored\balloon\00910.png,train_colored,balloon,unknown
train_colored\balloon\00911.png,train_colored,balloon,unknown
train_colored\balloon\00912.png,train_colored,balloon,unknown
train_colored\tennis_ball\00913.png,train_colored,tennis_ball,unknown
train_colored\balloon\00914.png,train_colored,balloon,unknown
train_colored\tennis_ball\00915.png,train_colored,tennis_ball,unknown
train_colored\balloon\00916.png,train_colored,balloon,unknown
train_colored\tennis_ball\00917.png,train_colored,tennis_ball,unknown
train_colored\balloon\00918.png,train_colored,balloon,unknown
train_colored\balloon\00919.png,train_colored,balloon,unknown
train_colored\tennis_ball\00920.png,train_colored,tennis_ball,unknown
train_colored\balloon\00921.png,train_colored,balloon,unknown
train_colored\balloon\00922.png,train_colored,balloon,unknown
train_colored\balloon\00923.png,train_colored,balloon,unknown
train_colored\tennis_ball\00924.png,train_colored,tennis_ball,unknown
train_colored\balloon\00925.png,train_colored,balloon,unknown
train_colored\balloon\00926.png,train_colored,balloon,unknown
train_colored\balloon\00927.png,train_colored,balloon,unknown
train_colored\tennis_ball\00928.png,train_colored,tennis_ball,unknown
train_colored\balloon\00929.png,train_colored,balloon,unknown
train_colored\tennis_ball\00930.png,train_colored,tennis_ball,unknown
train_colored\balloon\00931.png,train_colored,balloon,unknown
train_colored\tennis_ball\00932.png,train_colored,tennis_ball,unknown
train_colored\balloon\00933.png,train_colored,balloon,unknown
train_colored\tennis_ball\00934.png,train_colored,tennis_ball,unknown
train_colored\balloon\00935.png,train_colored,balloon,unknown
train_colored\tennis_ball\00936.png,train_colored,tennis_ball,unknown
train_colored\balloon\00937.png,train_colored,balloon,unknown
train_colored\balloon\00938.png,train_colored,balloon,unknown
train_colored\balloon\00939.png,train_colored,balloon,unknown
train_colored\tennis_ball\00940.png,train_colored,tennis_ball,unknown
train_colored\tennis_ball\00941.png,train_colored,tennis_ball,unknown
train_colored\tennis_ball\00942.png,train_colored,tennis_ball,unknown
train_colored\balloon\00943.png,train_colored,balloon,unknown
train_colored\tennis_ball\00944.png,train_colored,tennis_ball,unknown
train_colored\tennis_ball\00945.png,train_colored,tennis_ball,unknown
train_colored\tennis_ball\00946.png,train_colored,tennis_ball,unknown
train_colored\tennis_ball\00947.png,train_colored,tennis_ball,unknown
train_colored\tennis_ball\00948.png,train_colored,tennis_ball,unknown
train_colored\balloon\00949.png,train_colored,balloon,unknown
train_colored\balloon\00950.png,train_colored,balloon,unknown
train_colored\tennis_ball\00951.png,train_colored,tennis_ball,unknown
train_colored\balloon\00952.png,train_colored,balloon,unknown
train_colored\balloon\00953.png,train_colored,balloon,unknown
train_colored\balloon\00954.png,train_colored,balloon,unknown
train_colored\balloon\00955.png,train_colored,balloon,unknown
train_colored\tennis_ball\00956.png,train_colored,tennis_ball,unknown
train_colored\tennis_ball\00957.png,train_colored,tennis_ball,unknown
train_colored\balloon\00958.png,train_colored,balloon,unknown
train_colored\balloon\00959.png,train_colored,balloon,unknown
train_colored\balloon\00960.png,train_colored,balloon,unknown
train_colored\tennis_ball\00961.png,train_colored,tennis_ball,unknown
train_colored\balloon\00962.png,train_colored,balloon,unknown
train_colored\balloon\00963.png,train_colored,balloon,unknown
train_colored\tennis_ball\00964.png,train_colored,tennis_ball,unknown
train_colored\tennis_ball\00965.png,train_colored,tennis_ball,unknown
train_colored\tennis_ball\00966.png,train_colored,tennis_ball,unknown
train_colored\tennis_ball\00967.png,train_colored,tennis_ball,unknown
train_colored\tennis_ball\00968.png,train_colored,tennis_ball,unknown
train_colored\balloon\00969.png,train_colored,balloon,unknown
train_colored\tennis_ball\00970.png,train_colored,tennis_ball,unknown
train_colored\balloon\00971.png,train_colored,balloon,unknown
train_colored\balloon\00972.png,train_colored,balloon,unknown
train_colored\tennis_ball\00973.png,train_colored,tennis_ball,unknown
train_colored\tennis_ball\00974.png,train_colored,tennis_ball,unknown
train_colored\tennis_ball\00975.png,train_colored,tennis_ball,unknown
train_colored\tennis_ball\00976.png,train_colored,tennis_ball,unknown
train_colored\tennis_ball\00977.png,train_colored,tennis_ball,unknown
train_colored\balloon\00978.png,train_colored,balloon,unknown
train_colored\tennis_ball\00979.png,train_colored,tennis_ball,unknown
train_colored\tennis_ball\00980.png,train_colored,tennis_ball,unknown
train_colored\balloon\00981.png,train_colored,balloon,unknown
train_colored\balloon\00982.png,train_colored,balloon,unknown
train_colored\tennis_ball\00983.png,train_colored,tennis_ball,unknown
train_colored\balloon\00984.png,train_colored,balloon,unknown
train_colored\tennis_ball\00985.png,train_colored,tennis_ball,unknown
train_colored\tennis_ball\00986.png,train_colored,tennis_ball,unknown
train_colored\tennis_ball\00987.png,train_colored,tennis_ball,unknown
train_colored\balloon\00988.png,train_colored,balloon,unknown
train_colored\balloon\00989.png,train_colored,balloon,unknown
train_colored\tennis_ball\00990.png,train_colored,tennis_ball,unknown
train_colored\tennis_ball\00991.png,train_colored,tennis_ball,unknown
train_colored\balloon\00992.png,train_colored,balloon,unknown
train_colored\tennis_ball\00993.png,train_colored,tennis_ball,unknown
train_colored\tennis_ball\00994.png,train_colored,tennis_ball,unknown
train_colored\balloon\00995.png,train_colored,balloon,unknown
train_colored\tennis_ball\00996.png,train_colored,tennis_ball,unknown
train_colored\balloon\00997.png,train_colored,balloon,unknown
train_colored\balloon\00998.png,train_colored,balloon,unknown
train_colored\tennis_ball\00999.png,train_colored,tennis_ball,unknown
val_biased\balloon\00000.png,val_biased,balloon,red
val_biased\tennis_ball\00001.png,val_biased,tennis_ball,yellow_green
val_biased\balloon\00002.png,val_biased,balloon,red
val_biased\tennis_ball\00003.png,val_biased,tennis_ball,yellow_green
val_biased\balloon\00004.png,val_biased,balloon,red
val_biased\balloon\00005.png,val_biased,balloon,red
val_biased\tennis_ball\00006.png,val_biased,tennis_ball,yellow_green
val_biased\tennis_ball\00007.png,val_biased,tennis_ball,yellow_green
val_biased\tennis_ball\00008.png,val_biased,tennis_ball,yellow_green
val_biased\tennis_ball\00009.png,val_biased,tennis_ball,yellow_green
val_biased\tennis_ball\00010.png,val_biased,tennis_ball,yellow_green
val_biased\balloon\00011.png,val_biased,balloon,red
val_biased\tennis_ball\00012.png,val_biased,tennis_ball,yellow_green
val_biased\tennis_ball\00013.png,val_biased,tennis_ball,yellow_green
val_biased\balloon\00014.png,val_biased,balloon,red
val_biased\tennis_ball\00015.png,val_biased,tennis_ball,yellow_green
val_biased\balloon\00016.png,val_biased,balloon,red
val_biased\balloon\00017.png,val_biased,balloon,red
val_biased\tennis_ball\00018.png,val_biased,tennis_ball,yellow_green
val_biased\tennis_ball\00019.png,val_biased,tennis_ball,yellow_green
val_biased\balloon\00020.png,val_biased,balloon,red
val_biased\balloon\00021.png,val_biased,balloon,red
val_biased\balloon\00022.png,val_biased,balloon,red
val_biased\tennis_ball\00023.png,val_biased,tennis_ball,yellow_green
val_biased\balloon\00024.png,val_biased,balloon,red
val_biased\tennis_ball\00025.png,val_biased,tennis_ball,yellow_green
val_biased\balloon\00026.png,val_biased,balloon,red
val_biased\balloon\00027.png,val_biased,balloon,red
val_biased\tennis_ball\00028.png,val_biased,tennis_ball,yellow_green
val_biased\tennis_ball\00029.png,val_biased,tennis_ball,yellow_green
val_biased\balloon\00030.png,val_biased,balloon,red
val_biased\tennis_ball\00031.png,val_biased,tennis_ball,yellow_green
val_biased\balloon\00032.png,val_biased,balloon,red
val_biased\balloon\00033.png,val_biased,balloon,red
val_biased\tennis_ball\00034.png,val_biased,tennis_ball,yellow_green
val_biased\tennis_ball\00035.png,val_biased,tennis_ball,yellow_green
val_biased\tennis_ball\00036.png,val_biased,tennis_ball,yellow_green
val_biased\tennis_ball\00037.png,val_biased,tennis_ball,yellow_green
val_biased\balloon\00038.png,val_biased,balloon,red
val_biased\tennis_ball\00039.png,val_biased,tennis_ball,yellow_green
val_biased\balloon\00040.png,val_biased,balloon,red
val_biased\balloon\00041.png,val_biased,balloon,red
val_biased\balloon\00042.png,val_biased,balloon,red
val_biased\tennis_ball\00043.png,val_biased,tennis_ball,yellow_green
val_biased\balloon\00044.png,val_biased,balloon,red
val_biased\balloon\00045.png,val_biased,balloon,red
val_biased\tennis_ball\00046.png,val_biased,tennis_ball,yellow_green
val_biased\tennis_ball\00047.png,val_biased,tennis_ball,yellow_green
val_biased\balloon\00048.png,val_biased,balloon,red
val_biased\balloon\00049.png,val_biased,balloon,red
val_biased\tennis_ball\00050.png,val_biased,tennis_ball,yellow_green
val_biased\balloon\00051.png,val_biased,balloon,red
val_biased\balloon\00052.png,val_biased,balloon,red
val_biased\balloon\00053.png,val_biased,balloon,red
val_biased\balloon\00054.png,val_biased,balloon,red
val_biased\tennis_ball\00055.png,val_biased,tennis_ball,yellow_green
val_biased\tennis_ball\00056.png,val_biased,tennis_ball,yellow_green
val_biased\tennis_ball\00057.png,val_biased,tennis_ball,yellow_green
val_biased\balloon\00058.png,val_biased,balloon,red
val_biased\tennis_ball\00059.png,val_biased,tennis_ball,yellow_green
val_biased\balloon\00060.png,val_biased,balloon,red
val_biased\tennis_ball\00061.png,val_biased,tennis_ball,yellow_green
val_biased\tennis_ball\00062.png,val_biased,tennis_ball,yellow_green
val_biased\tennis_ball\00063.png,val_biased,tennis_ball,yellow_green
val_biased\tennis_ball\00064.png,val_biased,tennis_ball,yellow_green
val_biased\tennis_ball\00065.png,val_biased,tennis_ball,yellow_green
val_biased\balloon\00066.png,val_biased,balloon,red
val_biased\tennis_ball\00067.png,val_biased,tennis_ball,yellow_green
val_biased\tennis_ball\00068.png,val_biased,tennis_ball,yellow_green
val_biased\balloon\00069.png,val_biased,balloon,red
val_biased\balloon\00070.png,val_biased,balloon,red
val_biased\tennis_ball\00071.png,val_biased,tennis_ball,yellow_green
val_biased\tennis_ball\00072.png,val_biased,tennis_ball,yellow_green
val_biased\tennis_ball\00073.png,val_biased,tennis_ball,yellow_green
val_biased\tennis_ball\00074.png,val_biased,tennis_ball,yellow_green
val_biased\balloon\00075.png,val_biased,balloon,red
val_biased\balloon\00076.png,val_biased,balloon,red
val_biased\balloon\00077.png,val_biased,balloon,red
val_biased\balloon\00078.png,val_biased,balloon,red
val_biased\tennis_ball\00079.png,val_biased,tennis_ball,yellow_green
val_biased\balloon\00080.png,val_biased,balloon,red
val_biased\tennis_ball\00081.png,val_biased,tennis_ball,yellow_green
val_biased\tennis_ball\00082.png,val_biased,tennis_ball,yellow_green
val_biased\tennis_ball\00083.png,val_biased,tennis_ball,yellow_green
val_biased\tennis_ball\00084.png,val_biased,tennis_ball,yellow_green
val_biased\tennis_ball\00085.png,val_biased,tennis_ball,yellow_green
val_biased\tennis_ball\00086.png,val_biased,tennis_ball,yellow_green
val_biased\tennis_ball\00087.png,val_biased,tennis_ball,yellow_green
val_biased\tennis_ball\00088.png,val_biased,tennis_ball,yellow_green
val_biased\tennis_ball\00089.png,val_biased,tennis_ball,yellow_green
val_biased\balloon\00090.png,val_biased,balloon,red
val_biased\tennis_ball\00091.png,val_biased,tennis_ball,yellow_green
val_biased\tennis_ball\00092.png,val_biased,tennis_ball,yellow_green
val_biased\balloon\00093.png,val_biased,balloon,red
val_biased\tennis_ball\00094.png,val_biased,tennis_ball,yellow_green
val_biased\tennis_ball\00095.png,val_biased,tennis_ball,yellow_green
val_biased\tennis_ball\00096.png,val_biased,tennis_ball,yellow_green
val_biased\tennis_ball\00097.png,val_biased,tennis_ball,yellow_green
val_biased\tennis_ball\00098.png,val_biased,tennis_ball,yellow_green
val_biased\balloon\00099.png,val_biased,balloon,red
val_biased\balloon\00100.png,val_biased,balloon,red
val_biased\tennis_ball\00101.png,val_biased,tennis_ball,yellow_green
val_biased\tennis_ball\00102.png,val_biased,tennis_ball,yellow_green
val_biased\balloon\00103.png,val_biased,balloon,red
val_biased\tennis_ball\00104.png,val_biased,tennis_ball,yellow_green
val_biased\balloon\00105.png,val_biased,balloon,red
val_biased\tennis_ball\00106.png,val_biased,tennis_ball,yellow_green
val_biased\tennis_ball\00107.png,val_biased,tennis_ball,yellow_green
val_biased\tennis_ball\00108.png,val_biased,tennis_ball,yellow_green
val_biased\tennis_ball\00109.png,val_biased,tennis_ball,yellow_green
val_biased\tennis_ball\00110.png,val_biased,tennis_ball,yellow_green
val_biased\tennis_ball\00111.png,val_biased,tennis_ball,yellow_green
val_biased\tennis_ball\00112.png,val_biased,tennis_ball,yellow_green
val_biased\tennis_ball\00113.png,val_biased,tennis_ball,yellow_green
val_biased\tennis_ball\00114.png,val_biased,tennis_ball,yellow_green
val_biased\balloon\00115.png,val_biased,balloon,red
val_biased\tennis_ball\00116.png,val_biased,tennis_ball,yellow_green
val_biased\balloon\00117.png,val_biased,balloon,red
val_biased\tennis_ball\00118.png,val_biased,tennis_ball,yellow_green
val_biased\balloon\00119.png,val_biased,balloon,red
val_biased\tennis_ball\00120.png,val_biased,tennis_ball,yellow_green
val_biased\tennis_ball\00121.png,val_biased,tennis_ball,yellow_green
val_biased\balloon\00122.png,val_biased,balloon,red
val_biased\balloon\00123.png,val_biased,balloon,red
val_biased\tennis_ball\00124.png,val_biased,tennis_ball,yellow_green
val_biased\tennis_ball\00125.png,val_biased,tennis_ball,yellow_green
val_biased\tennis_ball\00126.png,val_biased,tennis_ball,yellow_green
val_biased\tennis_ball\00127.png,val_biased,tennis_ball,yellow_green
val_biased\balloon\00128.png,val_biased,balloon,red
val_biased\tennis_ball\00129.png,val_biased,tennis_ball,yellow_green
val_biased\balloon\00130.png,val_biased,balloon,red
val_biased\balloon\00131.png,val_biased,balloon,red
val_biased\balloon\00132.png,val_biased,balloon,red
val_biased\balloon\00133.png,val_biased,balloon,red
val_biased\tennis_ball\00134.png,val_biased,tennis_ball,yellow_green
val_biased\balloon\00135.png,val_biased,balloon,red
val_biased\balloon\00136.png,val_biased,balloon,red
val_biased\tennis_ball\00137.png,val_biased,tennis_ball,yellow_green
val_biased\balloon\00138.png,val_biased,balloon,red
val_biased\tennis_ball\00139.png,val_biased,tennis_ball,yellow_green
val_biased\balloon\00140.png,val_biased,balloon,red
val_biased\tennis_ball\00141.png,val_biased,tennis_ball,yellow_green
val_biased\tennis_ball\00142.png,val_biased,tennis_ball,yellow_green
val_biased\tennis_ball\00143.png,val_biased,tennis_ball,yellow_green
val_biased\tennis_ball\00144.png,val_biased,tennis_ball,yellow_green
val_biased\tennis_ball\00145.png,val_biased,tennis_ball,yellow_green
val_biased\balloon\00146.png,val_biased,balloon,red
val_biased\balloon\00147.png,val_biased,balloon,red
val_biased\tennis_ball\00148.png,val_biased,tennis_ball,yellow_green
val_biased\tennis_ball\00149.png,val_biased,tennis_ball,yellow_green
val_biased\balloon\00150.png,val_biased,balloon,red
val_biased\tennis_ball\00151.png,val_biased,tennis_ball,yellow_green
val_biased\tennis_ball\00152.png,val_biased,tennis_ball,yellow_green
val_biased\balloon\00153.png,val_biased,balloon,red
val_biased\tennis_ball\00154.png,val_biased,tennis_ball,yellow_green
val_biased\tennis_ball\00155.png,val_biased,tennis_ball,yellow_green
val_biased\balloon\00156.png,val_biased,balloon,red
val_biased\balloon\00157.png,val_biased,balloon,red
val_biased\tennis_ball\00158.png,val_biased,tennis_ball,yellow_green
val_biased\tennis_ball\00159.png,val_biased,tennis_ball,yellow_green
val_biased\tennis_ball\00160.png,val_biased,tennis_ball,yellow_green
val_biased\tennis_ball\00161.png,val_biased,tennis_ball,yellow_green
val_biased\tennis_ball\00162.png,val_biased,tennis_ball,yellow_green
val_biased\balloon\00163.png,val_biased,balloon,red
val_biased\balloon\00164.png,val_biased,balloon,red
val_biased\tennis_ball\00165.png,val_biased,tennis_ball,yellow_green
val_biased\balloon\00166.png,val_biased,balloon,red
val_biased\tennis_ball\00167.png,val_biased,tennis_ball,yellow_green
val_biased\tennis_ball\00168.png,val_biased,tennis_ball,yellow_green
val_biased\balloon\00169.png,val_biased,balloon,red
val_biased\tennis_ball\00170.png,val_biased,tennis_ball,yellow_green
val_biased\balloon\00171.png,val_biased,balloon,red
val_biased\balloon\00172.png,val_biased,balloon,red
val_biased\tennis_ball\00173.png,val_biased,tennis_ball,yellow_green
val_biased\tennis_ball\00174.png,val_biased,tennis_ball,yellow_green
val_biased\balloon\00175.png,val_biased,balloon,red
val_biased\balloon\00176.png,val_biased,balloon,red
val_biased\tennis_ball\00177.png,val_biased,tennis_ball,yellow_green
val_biased\balloon\00178.png,val_biased,balloon,red
val_biased\balloon\00179.png,val_biased,balloon,red
val_biased\tennis_ball\00180.png,val_biased,tennis_ball,yellow_green
val_biased\balloon\00181.png,val_biased,balloon,red
val_biased\tennis_ball\00182.png,val_biased,tennis_ball,yellow_green
val_biased\tennis_ball\00183.png,val_biased,tennis_ball,yellow_green
val_biased\tennis_ball\00184.png,val_biased,tennis_ball,yellow_green
val_biased\balloon\00185.png,val_biased,balloon,red
val_biased\balloon\00186.png,val_biased,balloon,red
val_biased\tennis_ball\00187.png,val_biased,tennis_ball,yellow_green
val_biased\tennis_ball\00188.png,val_biased,tennis_ball,yellow_green
val_biased\tennis_ball\00189.png,val_biased,tennis_ball,yellow_green
val_biased\balloon\00190.png,val_biased,balloon,red
val_biased\tennis_ball\00191.png,val_biased,tennis_ball,yellow_green
val_biased\balloon\00192.png,val_biased,balloon,red
val_biased\balloon\00193.png,val_biased,balloon,red
val_biased\tennis_ball\00194.png,val_biased,tennis_ball,yellow_green
val_biased\balloon\00195.png,val_biased,balloon,red
val_biased\tennis_ball\00196.png,val_biased,tennis_ball,yellow_green
val_biased\tennis_ball\00197.png,val_biased,tennis_ball,yellow_green
val_biased\tennis_ball\00198.png,val_biased,tennis_ball,yellow_green
val_biased\balloon\00199.png,val_biased,balloon,red
test_biased\balloon\00000.png,test_biased,balloon,red
test_biased\balloon\00001.png,test_biased,balloon,red
test_biased\balloon\00002.png,test_biased,balloon,red
test_biased\balloon\00003.png,test_biased,balloon,red
test_biased\balloon\00004.png,test_biased,balloon,red
test_biased\balloon\00005.png,test_biased,balloon,red
test_biased\tennis_ball\00006.png,test_biased,tennis_ball,yellow_green
test_biased\balloon\00007.png,test_biased,balloon,red
test_biased\tennis_ball\00008.png,test_biased,tennis_ball,yellow_green
test_biased\tennis_ball\00009.png,test_biased,tennis_ball,yellow_green
test_biased\tennis_ball\00010.png,test_biased,tennis_ball,yellow_green
test_biased\balloon\00011.png,test_biased,balloon,red
test_biased\tennis_ball\00012.png,test_biased,tennis_ball,yellow_green
test_biased\balloon\00013.png,test_biased,balloon,red
test_biased\tennis_ball\00014.png,test_biased,tennis_ball,yellow_green
test_biased\tennis_ball\00015.png,test_biased,tennis_ball,yellow_green
test_biased\tennis_ball\00016.png,test_biased,tennis_ball,yellow_green
test_biased\tennis_ball\00017.png,test_biased,tennis_ball,yellow_green
test_biased\balloon\00018.png,test_biased,balloon,red
test_biased\balloon\00019.png,test_biased,balloon,red
test_biased\balloon\00020.png,test_biased,balloon,red
test_biased\balloon\00021.png,test_biased,balloon,red
test_biased\balloon\00022.png,test_biased,balloon,red
test_biased\balloon\00023.png,test_biased,balloon,red
test_biased\tennis_ball\00024.png,test_biased,tennis_ball,yellow_green
test_biased\balloon\00025.png,test_biased,balloon,red
test_biased\tennis_ball\00026.png,test_biased,tennis_ball,yellow_green
test_biased\balloon\00027.png,test_biased,balloon,red
test_biased\balloon\00028.png,test_biased,balloon,red
test_biased\balloon\00029.png,test_biased,balloon,red
test_biased\tennis_ball\00030.png,test_biased,tennis_ball,yellow_green
test_biased\tennis_ball\00031.png,test_biased,tennis_ball,yellow_green
test_biased\balloon\00032.png,test_biased,balloon,red
test_biased\tennis_ball\00033.png,test_biased,tennis_ball,yellow_green
test_biased\tennis_ball\00034.png,test_biased,tennis_ball,yellow_green
test_biased\tennis_ball\00035.png,test_biased,tennis_ball,yellow_green
test_biased\tennis_ball\00036.png,test_biased,tennis_ball,yellow_green
test_biased\tennis_ball\00037.png,test_biased,tennis_ball,yellow_green
test_biased\balloon\00038.png,test_biased,balloon,red
test_biased\balloon\00039.png,test_biased,balloon,red
test_biased\tennis_ball\00040.png,test_biased,tennis_ball,yellow_green
test_biased\balloon\00041.png,test_biased,balloon,red
test_biased\tennis_ball\00042.png,test_biased,tennis_ball,yellow_green
test_biased\tennis_ball\00043.png,test_biased,tennis_ball,yellow_green
test_biased\balloon\00044.png,test_biased,balloon,red
test_biased\tennis_ball\00045.png,test_biased,tennis_ball,yellow_green
test_biased\balloon\00046.png,test_biased,balloon,red
test_biased\tennis_ball\00047.png,test_biased,tennis_ball,yellow_green
test_biased\balloon\00048.png,test_biased,balloon,red
test_biased\balloon\00049.png,test_biased,balloon,red
test_biased\balloon\00050.png,test_biased,balloon,red
test_biased\balloon\00051.png,test_biased,balloon,red
test_biased\balloon\00052.png,test_biased,balloon,red
test_biased\balloon\00053.png,test_biased,balloon,red
test_biased\balloon\00054.png,test_biased,balloon,red
test_biased\tennis_ball\00055.png,test_biased,tennis_ball,yellow_green
test_biased\balloon\00056.png,test_biased,balloon,red
test_biased\tennis_ball\00057.png,test_biased,tennis_ball,yellow_green
test_biased\balloon\00058.png,test_biased,balloon,red
test_biased\balloon\00059.png,test_biased,balloon,red
test_biased\balloon\00060.png,test_biased,balloon,red
test_biased\balloon\00061.png,test_biased,balloon,red
test_biased\balloon\00062.png,test_biased,balloon,red
test_biased\tennis_ball\00063.png,test_biased,tennis_ball,yellow_green
test_biased\balloon\00064.png,test_biased,balloon,red
test_biased\tennis_ball\00065.png,test_biased,tennis_ball,yellow_green
test_biased\tennis_ball\00066.png,test_biased,tennis_ball,yellow_green
test_biased\tennis_ball\00067.png,test_biased,tennis_ball,yellow_green
test_biased\tennis_ball\00068.png,test_biased,tennis_ball,yellow_green
test_biased\tennis_ball\00069.png,test_biased,tennis_ball,yellow_green
test_biased\balloon\00070.png,test_biased,balloon,red
test_biased\tennis_ball\00071.png,test_biased,tennis_ball,yellow_green
test_biased\balloon\00072.png,test_biased,balloon,red
test_biased\balloon\00073.png,test_biased,balloon,red
test_biased\tennis_ball\00074.png,test_biased,tennis_ball,yellow_green
test_biased\tennis_ball\00075.png,test_biased,tennis_ball,yellow_green
test_biased\balloon\00076.png,test_biased,balloon,red
test_biased\balloon\00077.png,test_biased,balloon,red
test_biased\balloon\00078.png,test_biased,balloon,red
test_biased\tennis_ball\00079.png,test_biased,tennis_ball,yellow_green
test_biased\balloon\00080.png,test_biased,balloon,red
test_biased\tennis_ball\00081.png,test_biased,tennis_ball,yellow_green
test_biased\tennis_ball\00082.png,test_biased,tennis_ball,yellow_green
test_biased\tennis_ball\00083.png,test_biased,tennis_ball,yellow_green
test_biased\balloon\00084.png,test_biased,balloon,red
test_biased\balloon\00085.png,test_biased,balloon,red
test_biased\balloon\00086.png,test_biased,balloon,red
test_biased\tennis_ball\00087.png,test_biased,tennis_ball,yellow_green
test_biased\tennis_ball\00088.png,test_biased,tennis_ball,yellow_green
test_biased\balloon\00089.png,test_biased,balloon,red
test_biased\balloon\00090.png,test_biased,balloon,red
test_biased\balloon\00091.png,test_biased,balloon,red
test_biased\tennis_ball\00092.png,test_biased,tennis_ball,yellow_green
test_biased\tennis_ball\00093.png,test_biased,tennis_ball,yellow_green
test_biased\balloon\00094.png,test_biased,balloon,red
test_biased\balloon\00095.png,test_biased,balloon,red
test_biased\tennis_ball\00096.png,test_biased,tennis_ball,yellow_green
test_biased\balloon\00097.png,test_biased,balloon,red
test_biased\balloon\00098.png,test_biased,balloon,red
test_biased\balloon\00099.png,test_biased,balloon,red
test_biased\balloon\00100.png,test_biased,balloon,red
test_biased\tennis_ball\00101.png,test_biased,tennis_ball,yellow_green
test_biased\balloon\00102.png,test_biased,balloon,red
test_biased\balloon\00103.png,test_biased,balloon,red
test_biased\balloon\00104.png,test_biased,balloon,red
test_biased\balloon\00105.png,test_biased,balloon,red
test_biased\tennis_ball\00106.png,test_biased,tennis_ball,yellow_green
test_biased\balloon\00107.png,test_biased,balloon,red
test_biased\tennis_ball\00108.png,test_biased,tennis_ball,yellow_green
test_biased\tennis_ball\00109.png,test_biased,tennis_ball,yellow_green
test_biased\tennis_ball\00110.png,test_biased,tennis_ball,yellow_green
test_biased\balloon\00111.png,test_biased,balloon,red
test_biased\balloon\00112.png,test_biased,balloon,red
test_biased\tennis_ball\00113.png,test_biased,tennis_ball,yellow_green
test_biased\balloon\00114.png,test_biased,balloon,red
test_biased\tennis_ball\00115.png,test_biased,tennis_ball,yellow_green
test_biased\balloon\00116.png,test_biased,balloon,red
test_biased\tennis_ball\00117.png,test_biased,tennis_ball,yellow_green
test_biased\tennis_ball\00118.png,test_biased,tennis_ball,yellow_green
test_biased\balloon\00119.png,test_biased,balloon,red
test_biased\tennis_ball\00120.png,test_biased,tennis_ball,yellow_green
test_biased\balloon\00121.png,test_biased,balloon,red
test_biased\tennis_ball\00122.png,test_biased,tennis_ball,yellow_green
test_biased\tennis_ball\00123.png,test_biased,tennis_ball,yellow_green
test_biased\tennis_ball\00124.png,test_biased,tennis_ball,yellow_green
test_biased\tennis_ball\00125.png,test_biased,tennis_ball,yellow_green
test_biased\balloon\00126.png,test_biased,balloon,red
test_biased\balloon\00127.png,test_biased,balloon,red
test_biased\balloon\00128.png,test_biased,balloon,red
test_biased\balloon\00129.png,test_biased,balloon,red
test_biased\balloon\00130.png,test_biased,balloon,red
test_biased\tennis_ball\00131.png,test_biased,tennis_ball,yellow_green
test_biased\tennis_ball\00132.png,test_biased,tennis_ball,yellow_green
test_biased\balloon\00133.png,test_biased,balloon,red
test_biased\balloon\00134.png,test_biased,balloon,red
test_biased\tennis_ball\00135.png,test_biased,tennis_ball,yellow_green
test_biased\balloon\00136.png,test_biased,balloon,red
test_biased\balloon\00137.png,test_biased,balloon,red
test_biased\tennis_ball\00138.png,test_biased,tennis_ball,yellow_green
test_biased\tennis_ball\00139.png,test_biased,tennis_ball,yellow_green
test_biased\balloon\00140.png,test_biased,balloon,red
test_biased\balloon\00141.png,test_biased,balloon,red
test_biased\balloon\00142.png,test_biased,balloon,red
test_biased\balloon\00143.png,test_biased,balloon,red
test_biased\balloon\00144.png,test_biased,balloon,red
test_biased\tennis_ball\00145.png,test_biased,tennis_ball,yellow_green
test_biased\balloon\00146.png,test_biased,balloon,red
test_biased\tennis_ball\00147.png,test_biased,tennis_ball,yellow_green
test_biased\tennis_ball\00148.png,test_biased,tennis_ball,yellow_green
test_biased\balloon\00149.png,test_biased,balloon,red
test_biased\balloon\00150.png,test_biased,balloon,red
test_biased\balloon\00151.png,test_biased,balloon,red
test_biased\balloon\00152.png,test_biased,balloon,red
test_biased\balloon\00153.png,test_biased,balloon,red
test_biased\balloon\00154.png,test_biased,balloon,red
test_biased\balloon\00155.png,test_biased,balloon,red
test_biased\tennis_ball\00156.png,test_biased,tennis_ball,yellow_green
test_biased\tennis_ball\00157.png,test_biased,tennis_ball,yellow_green
test_biased\balloon\00158.png,test_biased,balloon,red
test_biased\tennis_ball\00159.png,test_biased,tennis_ball,yellow_green
test_biased\tennis_ball\00160.png,test_biased,tennis_ball,yellow_green
test_biased\tennis_ball\00161.png,test_biased,tennis_ball,yellow_green
test_biased\balloon\00162.png,test_biased,balloon,red
test_biased\tennis_ball\00163.png,test_biased,tennis_ball,yellow_green
test_biased\tennis_ball\00164.png,test_biased,tennis_ball,yellow_green
test_biased\tennis_ball\00165.png,test_biased,tennis_ball,yellow_green
test_biased\balloon\00166.png,test_biased,balloon,red
test_biased\balloon\00167.png,test_biased,balloon,red
test_biased\tennis_ball\00168.png,test_biased,tennis_ball,yellow_green
test_biased\balloon\00169.png,test_biased,balloon,red
test_biased\tennis_ball\00170.png,test_biased,tennis_ball,yellow_green
test_biased\balloon\00171.png,test_biased,balloon,red
test_biased\tennis_ball\00172.png,test_biased,tennis_ball,yellow_green
test_biased\tennis_ball\00173.png,test_biased,tennis_ball,yellow_green
test_biased\tennis_ball\00174.png,test_biased,tennis_ball,yellow_green
test_biased\tennis_ball\00175.png,test_biased,tennis_ball,yellow_green
test_biased\balloon\00176.png,test_biased,balloon,red
test_biased\tennis_ball\00177.png,test_biased,tennis_ball,yellow_green
test_biased\balloon\00178.png,test_biased,balloon,red
test_biased\balloon\00179.png,test_biased,balloon,red
test_biased\balloon\00180.png,test_biased,balloon,red
test_biased\tennis_ball\00181.png,test_biased,tennis_ball,yellow_green
test_biased\balloon\00182.png,test_biased,balloon,red
test_biased\balloon\00183.png,test_biased,balloon,red
test_biased\tennis_ball\00184.png,test_biased,tennis_ball,yellow_green
test_biased\tennis_ball\00185.png,test_biased,tennis_ball,yellow_green
test_biased\tennis_ball\00186.png,test_biased,tennis_ball,yellow_green
test_biased\tennis_ball\00187.png,test_biased,tennis_ball,yellow_green
test_biased\tennis_ball\00188.png,test_biased,tennis_ball,yellow_green
test_biased\tennis_ball\00189.png,test_biased,tennis_ball,yellow_green
test_biased\balloon\00190.png,test_biased,balloon,red
test_biased\tennis_ball\00191.png,test_biased,tennis_ball,yellow_green
test_biased\tennis_ball\00192.png,test_biased,tennis_ball,yellow_green
test_biased\tennis_ball\00193.png,test_biased,tennis_ball,yellow_green
test_biased\tennis_ball\00194.png,test_biased,tennis_ball,yellow_green
test_biased\balloon\00195.png,test_biased,balloon,red
test_biased\tennis_ball\00196.png,test_biased,tennis_ball,yellow_green
test_biased\balloon\00197.png,test_biased,balloon,red
test_biased\balloon\00198.png,test_biased,balloon,red
test_biased\balloon\00199.png,test_biased,balloon,red
test_reversed\balloon\00000.png,test_reversed,balloon,yellow_green
test_reversed\balloon\00001.png,test_reversed,balloon,yellow_green
test_reversed\tennis_ball\00002.png,test_reversed,tennis_ball,red
test_reversed\balloon\00003.png,test_reversed,balloon,yellow_green
test_reversed\balloon\00004.png,test_reversed,balloon,yellow_green
test_reversed\tennis_ball\00005.png,test_reversed,tennis_ball,red
test_reversed\balloon\00006.png,test_reversed,balloon,yellow_green
test_reversed\tennis_ball\00007.png,test_reversed,tennis_ball,red
test_reversed\balloon\00008.png,test_reversed,balloon,yellow_green
test_reversed\tennis_ball\00009.png,test_reversed,tennis_ball,red
test_reversed\tennis_ball\00010.png,test_reversed,tennis_ball,red
test_reversed\tennis_ball\00011.png,test_reversed,tennis_ball,red
test_reversed\tennis_ball\00012.png,test_reversed,tennis_ball,red
test_reversed\balloon\00013.png,test_reversed,balloon,yellow_green
test_reversed\balloon\00014.png,test_reversed,balloon,yellow_green
test_reversed\balloon\00015.png,test_reversed,balloon,yellow_green
test_reversed\balloon\00016.png,test_reversed,balloon,yellow_green
test_reversed\tennis_ball\00017.png,test_reversed,tennis_ball,red
test_reversed\tennis_ball\00018.png,test_reversed,tennis_ball,red
test_reversed\balloon\00019.png,test_reversed,balloon,yellow_green
test_reversed\tennis_ball\00020.png,test_reversed,tennis_ball,red
test_reversed\tennis_ball\00021.png,test_reversed,tennis_ball,red
test_reversed\tennis_ball\00022.png,test_reversed,tennis_ball,red
test_reversed\balloon\00023.png,test_reversed,balloon,yellow_green
test_reversed\tennis_ball\00024.png,test_reversed,tennis_ball,red
test_reversed\tennis_ball\00025.png,test_reversed,tennis_ball,red
test_reversed\tennis_ball\00026.png,test_reversed,tennis_ball,red
test_reversed\tennis_ball\00027.png,test_reversed,tennis_ball,red
test_reversed\balloon\00028.png,test_reversed,balloon,yellow_green
test_reversed\balloon\00029.png,test_reversed,balloon,yellow_green
test_reversed\tennis_ball\00030.png,test_reversed,tennis_ball,red
test_reversed\balloon\00031.png,test_reversed,balloon,yellow_green
test_reversed\tennis_ball\00032.png,test_reversed,tennis_ball,red
test_reversed\tennis_ball\00033.png,test_reversed,tennis_ball,red
test_reversed\tennis_ball\00034.png,test_reversed,tennis_ball,red
test_reversed\tennis_ball\00035.png,test_reversed,tennis_ball,red
test_reversed\balloon\00036.png,test_reversed,balloon,yellow_green
test_reversed\tennis_ball\00037.png,test_reversed,tennis_ball,red
test_reversed\balloon\00038.png,test_reversed,balloon,yellow_green
test_reversed\tennis_ball\00039.png,test_reversed,tennis_ball,red
test_reversed\balloon\00040.png,test_reversed,balloon,yellow_green
test_reversed\balloon\00041.png,test_reversed,balloon,yellow_green
test_reversed\tennis_ball\00042.png,test_reversed,tennis_ball,red
test_reversed\balloon\00043.png,test_reversed,balloon,yellow_green
test_reversed\tennis_ball\00044.png,test_reversed,tennis_ball,red
test_reversed\tennis_ball\00045.png,test_reversed,tennis_ball,red
test_reversed\tennis_ball\00046.png,test_reversed,tennis_ball,red
test_reversed\balloon\00047.png,test_reversed,balloon,yellow_green
test_reversed\tennis_ball\00048.png,test_reversed,tennis_ball,red
test_reversed\balloon\00049.png,test_reversed,balloon,yellow_green
test_reversed\tennis_ball\00050.png,test_reversed,tennis_ball,red
test_reversed\balloon\00051.png,test_reversed,balloon,yellow_green
test_reversed\balloon\00052.png,test_reversed,balloon,yellow_green
test_reversed\balloon\00053.png,test_reversed,balloon,yellow_green
test_reversed\tennis_ball\00054.png,test_reversed,tennis_ball,red
test_reversed\tennis_ball\00055.png,test_reversed,tennis_ball,red
test_reversed\balloon\00056.png,test_reversed,balloon,yellow_green
test_reversed\balloon\00057.png,test_reversed,balloon,yellow_green
test_reversed\tennis_ball\00058.png,test_reversed,tennis_ball,red
test_reversed\tennis_ball\00059.png,test_reversed,tennis_ball,red
test_reversed\balloon\00060.png,test_reversed,balloon,yellow_green
test_reversed\tennis_ball\00061.png,test_reversed,tennis_ball,red
test_reversed\tennis_ball\00062.png,test_reversed,tennis_ball,red
test_reversed\tennis_ball\00063.png,test_reversed,tennis_ball,red
test_reversed\tennis_ball\00064.png,test_reversed,tennis_ball,red
test_reversed\balloon\00065.png,test_reversed,balloon,yellow_green
test_reversed\tennis_ball\00066.png,test_reversed,tennis_ball,red
test_reversed\balloon\00067.png,test_reversed,balloon,yellow_green
test_reversed\balloon\00068.png,test_reversed,balloon,yellow_green
test_reversed\balloon\00069.png,test_reversed,balloon,yellow_green
test_reversed\tennis_ball\00070.png,test_reversed,tennis_ball,red
test_reversed\tennis_ball\00071.png,test_reversed,tennis_ball,red
test_reversed\balloon\00072.png,test_reversed,balloon,yellow_green
test_reversed\tennis_ball\00073.png,test_reversed,tennis_ball,red
test_reversed\tennis_ball\00074.png,test_reversed,tennis_ball,red
test_reversed\balloon\00075.png,test_reversed,balloon,yellow_green
test_reversed\balloon\00076.png,test_reversed,balloon,yellow_green
test_reversed\balloon\00077.png,test_reversed,balloon,yellow_green
test_reversed\tennis_ball\00078.png,test_reversed,tennis_ball,red
test_reversed\balloon\00079.png,test_reversed,balloon,yellow_green
test_reversed\tennis_ball\00080.png,test_reversed,tennis_ball,red
test_reversed\tennis_ball\00081.png,test_reversed,tennis_ball,red
test_reversed\balloon\00082.png,test_reversed,balloon,yellow_green
test_reversed\balloon\00083.png,test_reversed,balloon,yellow_green
test_reversed\tennis_ball\00084.png,test_reversed,tennis_ball,red
test_reversed\balloon\00085.png,test_reversed,balloon,yellow_green
test_reversed\tennis_ball\00086.png,test_reversed,tennis_ball,red
test_reversed\tennis_ball\00087.png,test_reversed,tennis_ball,red
test_reversed\tennis_ball\00088.png,test_reversed,tennis_ball,red
test_reversed\balloon\00089.png,test_reversed,balloon,yellow_green
test_reversed\balloon\00090.png,test_reversed,balloon,yellow_green
test_reversed\tennis_ball\00091.png,test_reversed,tennis_ball,red
test_reversed\balloon\00092.png,test_reversed,balloon,yellow_green
test_reversed\balloon\00093.png,test_reversed,balloon,yellow_green
test_reversed\tennis_ball\00094.png,test_reversed,tennis_ball,red
test_reversed\balloon\00095.png,test_reversed,balloon,yellow_green
test_reversed\balloon\00096.png,test_reversed,balloon,yellow_green
test_reversed\balloon\00097.png,test_reversed,balloon,yellow_green
test_reversed\tennis_ball\00098.png,test_reversed,tennis_ball,red
test_reversed\balloon\00099.png,test_reversed,balloon,yellow_green
test_reversed\balloon\00100.png,test_reversed,balloon,yellow_green
test_reversed\tennis_ball\00101.png,test_reversed,tennis_ball,red
test_reversed\balloon\00102.png,test_reversed,balloon,yellow_green
test_reversed\tennis_ball\00103.png,test_reversed,tennis_ball,red
test_reversed\balloon\00104.png,test_reversed,balloon,yellow_green
test_reversed\balloon\00105.png,test_reversed,balloon,yellow_green
test_reversed\tennis_ball\00106.png,test_reversed,tennis_ball,red
test_reversed\balloon\00107.png,test_reversed,balloon,yellow_green
test_reversed\balloon\00108.png,test_reversed,balloon,yellow_green
test_reversed\balloon\00109.png,test_reversed,balloon,yellow_green
test_reversed\balloon\00110.png,test_reversed,balloon,yellow_green
test_reversed\balloon\00111.png,test_reversed,balloon,yellow_green
test_reversed\balloon\00112.png,test_reversed,balloon,yellow_green
test_reversed\balloon\00113.png,test_reversed,balloon,yellow_green
test_reversed\tennis_ball\00114.png,test_reversed,tennis_ball,red
test_reversed\tennis_ball\00115.png,test_reversed,tennis_ball,red
test_reversed\tennis_ball\00116.png,test_reversed,tennis_ball,red
test_reversed\balloon\00117.png,test_reversed,balloon,yellow_green
test_reversed\tennis_ball\00118.png,test_reversed,tennis_ball,red
test_reversed\tennis_ball\00119.png,test_reversed,tennis_ball,red
test_reversed\tennis_ball\00120.png,test_reversed,tennis_ball,red
test_reversed\balloon\00121.png,test_reversed,balloon,yellow_green
test_reversed\tennis_ball\00122.png,test_reversed,tennis_ball,red
test_reversed\balloon\00123.png,test_reversed,balloon,yellow_green
test_reversed\tennis_ball\00124.png,test_reversed,tennis_ball,red
test_reversed\balloon\00125.png,test_reversed,balloon,yellow_green
test_reversed\balloon\00126.png,test_reversed,balloon,yellow_green
test_reversed\tennis_ball\00127.png,test_reversed,tennis_ball,red
test_reversed\balloon\00128.png,test_reversed,balloon,yellow_green
test_reversed\balloon\00129.png,test_reversed,balloon,yellow_green
test_reversed\tennis_ball\00130.png,test_reversed,tennis_ball,red
test_reversed\tennis_ball\00131.png,test_reversed,tennis_ball,red
test_reversed\balloon\00132.png,test_reversed,balloon,yellow_green
test_reversed\balloon\00133.png,test_reversed,balloon,yellow_green
test_reversed\tennis_ball\00134.png,test_reversed,tennis_ball,red
test_reversed\tennis_ball\00135.png,test_reversed,tennis_ball,red
test_reversed\balloon\00136.png,test_reversed,balloon,yellow_green
test_reversed\tennis_ball\00137.png,test_reversed,tennis_ball,red
test_reversed\balloon\00138.png,test_reversed,balloon,yellow_green
test_reversed\balloon\00139.png,test_reversed,balloon,yellow_green
test_reversed\tennis_ball\00140.png,test_reversed,tennis_ball,red
test_reversed\tennis_ball\00141.png,test_reversed,tennis_ball,red
test_reversed\balloon\00142.png,test_reversed,balloon,yellow_green
test_reversed\balloon\00143.png,test_reversed,balloon,yellow_green
test_reversed\balloon\00144.png,test_reversed,balloon,yellow_green
test_reversed\tennis_ball\00145.png,test_reversed,tennis_ball,red
test_reversed\balloon\00146.png,test_reversed,balloon,yellow_green
test_reversed\tennis_ball\00147.png,test_reversed,tennis_ball,red
test_reversed\balloon\00148.png,test_reversed,balloon,yellow_green
test_reversed\balloon\00149.png,test_reversed,balloon,yellow_green
test_reversed\tennis_ball\00150.png,test_reversed,tennis_ball,red
test_reversed\balloon\00151.png,test_reversed,balloon,yellow_green
test_reversed\balloon\00152.png,test_reversed,balloon,yellow_green
test_reversed\tennis_ball\00153.png,test_reversed,tennis_ball,red
test_reversed\balloon\00154.png,test_reversed,balloon,yellow_green
test_reversed\balloon\00155.png,test_reversed,balloon,yellow_green
test_reversed\tennis_ball\00156.png,test_reversed,tennis_ball,red
test_reversed\tennis_ball\00157.png,test_reversed,tennis_ball,red
test_reversed\tennis_ball\00158.png,test_reversed,tennis_ball,red
test_reversed\tennis_ball\00159.png,test_reversed,tennis_ball,red
test_reversed\tennis_ball\00160.png,test_reversed,tennis_ball,red
test_reversed\balloon\00161.png,test_reversed,balloon,yellow_green
test_reversed\balloon\00162.png,test_reversed,balloon,yellow_green
test_reversed\tennis_ball\00163.png,test_reversed,tennis_ball,red
test_reversed\tennis_ball\00164.png,test_reversed,tennis_ball,red
test_reversed\tennis_ball\00165.png,test_reversed,tennis_ball,red
test_reversed\balloon\00166.png,test_reversed,balloon,yellow_green
test_reversed\balloon\00167.png,test_reversed,balloon,yellow_green
test_reversed\balloon\00168.png,test_reversed,balloon,yellow_green
test_reversed\balloon\00169.png,test_reversed,balloon,yellow_green
test_reversed\tennis_ball\00170.png,test_reversed,tennis_ball,red
test_reversed\balloon\00171.png,test_reversed,balloon,yellow_green
test_reversed\tennis_ball\00172.png,test_reversed,tennis_ball,red
test_reversed\balloon\00173.png,test_reversed,balloon,yellow_green
test_reversed\balloon\00174.png,test_reversed,balloon,yellow_green
test_reversed\tennis_ball\00175.png,test_reversed,tennis_ball,red
test_reversed\tennis_ball\00176.png,test_reversed,tennis_ball,red
test_reversed\balloon\00177.png,test_reversed,balloon,yellow_green
test_reversed\balloon\00178.png,test_reversed,balloon,yellow_green
test_reversed\tennis_ball\00179.png,test_reversed,tennis_ball,red
test_reversed\balloon\00180.png,test_reversed,balloon,yellow_green
test_reversed\tennis_ball\00181.png,test_reversed,tennis_ball,red
test_reversed\tennis_ball\00182.png,test_reversed,tennis_ball,red
test_reversed\balloon\00183.png,test_reversed,balloon,yellow_green
test_reversed\tennis_ball\00184.png,test_reversed,tennis_ball,red
test_reversed\balloon\00185.png,test_reversed,balloon,yellow_green
test_reversed\tennis_ball\00186.png,test_reversed,tennis_ball,red
test_reversed\balloon\00187.png,test_reversed,balloon,yellow_green
test_reversed\balloon\00188.png,test_reversed,balloon,yellow_green
test_reversed\balloon\00189.png,test_reversed,balloon,yellow_green
test_reversed\balloon\00190.png,test_reversed,balloon,yellow_green
test_reversed\balloon\00191.png,test_reversed,balloon,yellow_green
test_reversed\balloon\00192.png,test_reversed,balloon,yellow_green
test_reversed\balloon\00193.png,test_reversed,balloon,yellow_green
test_reversed\balloon\00194.png,test_reversed,balloon,yellow_green
test_reversed\balloon\00195.png,test_reversed,balloon,yellow_green
test_reversed\balloon\00196.png,test_reversed,balloon,yellow_green
test_reversed\balloon\00197.png,test_reversed,balloon,yellow_green
test_reversed\balloon\00198.png,test_reversed,balloon,yellow_green
test_reversed\tennis_ball\00199.png,test_reversed,tennis_ball,red
test_balanced\balloon\00000.png,test_balanced,balloon,red
test_balanced\tennis_ball\00001.png,test_balanced,tennis_ball,yellow_green
test_balanced\balloon\00002.png,test_balanced,balloon,yellow_green
test_balanced\balloon\00003.png,test_balanced,balloon,yellow_green
test_balanced\tennis_ball\00004.png,test_balanced,tennis_ball,yellow_green
test_balanced\balloon\00005.png,test_balanced,balloon,yellow_green
test_balanced\balloon\00006.png,test_balanced,balloon,red
test_balanced\tennis_ball\00007.png,test_balanced,tennis_ball,red
test_balanced\tennis_ball\00008.png,test_balanced,tennis_ball,red
test_balanced\balloon\00009.png,test_balanced,balloon,red
test_balanced\tennis_ball\00010.png,test_balanced,tennis_ball,yellow_green
test_balanced\balloon\00011.png,test_balanced,balloon,red
test_balanced\tennis_ball\00012.png,test_balanced,tennis_ball,yellow_green
test_balanced\tennis_ball\00013.png,test_balanced,tennis_ball,red
test_balanced\balloon\00014.png,test_balanced,balloon,yellow_green
test_balanced\tennis_ball\00015.png,test_balanced,tennis_ball,yellow_green
test_balanced\balloon\00016.png,test_balanced,balloon,yellow_green
test_balanced\balloon\00017.png,test_balanced,balloon,red
test_balanced\balloon\00018.png,test_balanced,balloon,yellow_green
test_balanced\balloon\00019.png,test_balanced,balloon,yellow_green
test_balanced\balloon\00020.png,test_balanced,balloon,red
test_balanced\balloon\00021.png,test_balanced,balloon,red
test_balanced\balloon\00022.png,test_balanced,balloon,red
test_balanced\tennis_ball\00023.png,test_balanced,tennis_ball,yellow_green
test_balanced\balloon\00024.png,test_balanced,balloon,red
test_balanced\tennis_ball\00025.png,test_balanced,tennis_ball,red
test_balanced\tennis_ball\00026.png,test_balanced,tennis_ball,red
test_balanced\tennis_ball\00027.png,test_balanced,tennis_ball,red
test_balanced\balloon\00028.png,test_balanced,balloon,yellow_green
test_balanced\balloon\00029.png,test_balanced,balloon,yellow_green
test_balanced\tennis_ball\00030.png,test_balanced,tennis_ball,yellow_green
test_balanced\tennis_ball\00031.png,test_balanced,tennis_ball,yellow_green
test_balanced\tennis_ball\00032.png,test_balanced,tennis_ball,red
test_balanced\tennis_ball\00033.png,test_balanced,tennis_ball,red
test_balanced\tennis_ball\00034.png,test_balanced,tennis_ball,yellow_green
test_balanced\balloon\00035.png,test_balanced,balloon,red
test_balanced\balloon\00036.png,test_balanced,balloon,red
test_balanced\balloon\00037.png,test_balanced,balloon,red
test_balanced\tennis_ball\00038.png,test_balanced,tennis_ball,red
test_balanced\tennis_ball\00039.png,test_balanced,tennis_ball,red
test_balanced\tennis_ball\00040.png,test_balanced,tennis_ball,yellow_green
test_balanced\balloon\00041.png,test_balanced,balloon,yellow_green
test_balanced\balloon\00042.png,test_balanced,balloon,red
test_balanced\balloon\00043.png,test_balanced,balloon,yellow_green
test_balanced\balloon\00044.png,test_balanced,balloon,red
test_balanced\tennis_ball\00045.png,test_balanced,tennis_ball,red
test_balanced\tennis_ball\00046.png,test_balanced,tennis_ball,red
test_balanced\tennis_ball\00047.png,test_balanced,tennis_ball,red
test_balanced\balloon\00048.png,test_balanced,balloon,yellow_green
test_balanced\balloon\00049.png,test_balanced,balloon,yellow_green
test_balanced\tennis_ball\00050.png,test_balanced,tennis_ball,yellow_green
test_balanced\balloon\00051.png,test_balanced,balloon,yellow_green
test_balanced\tennis_ball\00052.png,test_balanced,tennis_ball,yellow_green
test_balanced\tennis_ball\00053.png,test_balanced,tennis_ball,yellow_green
test_balanced\tennis_ball\00054.png,test_balanced,tennis_ball,yellow_green
test_balanced\tennis_ball\00055.png,test_balanced,tennis_ball,yellow_green
test_balanced\balloon\00056.png,test_balanced,balloon,red
test_balanced\tennis_ball\00057.png,test_balanced,tennis_ball,red
test_balanced\tennis_ball\00058.png,test_balanced,tennis_ball,yellow_green
test_balanced\balloon\00059.png,test_balanced,balloon,red
test_balanced\tennis_ball\00060.png,test_balanced,tennis_ball,red
test_balanced\tennis_ball\00061.png,test_balanced,tennis_ball,yellow_green
test_balanced\balloon\00062.png,test_balanced,balloon,yellow_green
test_balanced\balloon\00063.png,test_balanced,balloon,yellow_green
test_balanced\balloon\00064.png,test_balanced,balloon,red
test_balanced\balloon\00065.png,test_balanced,balloon,red
test_balanced\tennis_ball\00066.png,test_balanced,tennis_ball,red
test_balanced\balloon\00067.png,test_balanced,balloon,yellow_green
test_balanced\balloon\00068.png,test_balanced,balloon,red
test_balanced\tennis_ball\00069.png,test_balanced,tennis_ball,red
test_balanced\balloon\00070.png,test_balanced,balloon,yellow_green
test_balanced\balloon\00071.png,test_balanced,balloon,yellow_green
test_balanced\tennis_ball\00072.png,test_balanced,tennis_ball,red
test_balanced\balloon\00073.png,test_balanced,balloon,yellow_green
test_balanced\tennis_ball\00074.png,test_balanced,tennis_ball,red
test_balanced\tennis_ball\00075.png,test_balanced,tennis_ball,red
test_balanced\balloon\00076.png,test_balanced,balloon,red
test_balanced\tennis_ball\00077.png,test_balanced,tennis_ball,red
test_balanced\tennis_ball\00078.png,test_balanced,tennis_ball,red
test_balanced\balloon\00079.png,test_balanced,balloon,red
test_balanced\tennis_ball\00080.png,test_balanced,tennis_ball,yellow_green
test_balanced\balloon\00081.png,test_balanced,balloon,red
test_balanced\tennis_ball\00082.png,test_balanced,tennis_ball,red
test_balanced\tennis_ball\00083.png,test_balanced,tennis_ball,red
test_balanced\balloon\00084.png,test_balanced,balloon,red
test_balanced\balloon\00085.png,test_balanced,balloon,red
test_balanced\balloon\00086.png,test_balanced,balloon,red
test_balanced\tennis_ball\00087.png,test_balanced,tennis_ball,yellow_green
test_balanced\balloon\00088.png,test_balanced,balloon,yellow_green
test_balanced\tennis_ball\00089.png,test_balanced,tennis_ball,red
test_balanced\tennis_ball\00090.png,test_balanced,tennis_ball,red
test_balanced\balloon\00091.png,test_balanced,balloon,red
test_balanced\balloon\00092.png,test_balanced,balloon,red
test_balanced\tennis_ball\00093.png,test_balanced,tennis_ball,yellow_green
test_balanced\tennis_ball\00094.png,test_balanced,tennis_ball,red
test_balanced\tennis_ball\00095.png,test_balanced,tennis_ball,yellow_green
test_balanced\tennis_ball\00096.png,test_balanced,tennis_ball,red
test_balanced\balloon\00097.png,test_balanced,balloon,yellow_green
test_balanced\tennis_ball\00098.png,test_balanced,tennis_ball,yellow_green
test_balanced\tennis_ball\00099.png,test_balanced,tennis_ball,yellow_green
test_balanced\tennis_ball\00100.png,test_balanced,tennis_ball,yellow_green
test_balanced\balloon\00101.png,test_balanced,balloon,yellow_green
test_balanced\balloon\00102.png,test_balanced,balloon,red
test_balanced\balloon\00103.png,test_balanced,balloon,yellow_green
test_balanced\tennis_ball\00104.png,test_balanced,tennis_ball,yellow_green
test_balanced\tennis_ball\00105.png,test_balanced,tennis_ball,yellow_green
test_balanced\tennis_ball\00106.png,test_balanced,tennis_ball,yellow_green
test_balanced\balloon\00107.png,test_balanced,balloon,yellow_green
test_balanced\tennis_ball\00108.png,test_balanced,tennis_ball,yellow_green
test_balanced\balloon\00109.png,test_balanced,balloon,yellow_green
test_balanced\balloon\00110.png,test_balanced,balloon,red
test_balanced\balloon\00111.png,test_balanced,balloon,red
test_balanced\balloon\00112.png,test_balanced,balloon,red
test_balanced\balloon\00113.png,test_balanced,balloon,yellow_green
test_balanced\tennis_ball\00114.png,test_balanced,tennis_ball,red
test_balanced\tennis_ball\00115.png,test_balanced,tennis_ball,yellow_green
test_balanced\tennis_ball\00116.png,test_balanced,tennis_ball,yellow_green
test_balanced\tennis_ball\00117.png,test_balanced,tennis_ball,red
test_balanced\balloon\00118.png,test_balanced,balloon,yellow_green
test_balanced\balloon\00119.png,test_balanced,balloon,yellow_green
test_balanced\balloon\00120.png,test_balanced,balloon,red
test_balanced\balloon\00121.png,test_balanced,balloon,yellow_green
test_balanced\tennis_ball\00122.png,test_balanced,tennis_ball,red
test_balanced\tennis_ball\00123.png,test_balanced,tennis_ball,red
test_balanced\tennis_ball\00124.png,test_balanced,tennis_ball,red
test_balanced\balloon\00125.png,test_balanced,balloon,red
test_balanced\balloon\00126.png,test_balanced,balloon,red
test_balanced\balloon\00127.png,test_balanced,balloon,yellow_green
test_balanced\balloon\00128.png,test_balanced,balloon,yellow_green
test_balanced\tennis_ball\00129.png,test_balanced,tennis_ball,yellow_green
test_balanced\balloon\00130.png,test_balanced,balloon,yellow_green
test_balanced\tennis_ball\00131.png,test_balanced,tennis_ball,yellow_green
test_balanced\tennis_ball\00132.png,test_balanced,tennis_ball,red
test_balanced\tennis_ball\00133.png,test_balanced,tennis_ball,yellow_green
test_balanced\balloon\00134.png,test_balanced,balloon,red
test_balanced\tennis_ball\00135.png,test_balanced,tennis_ball,yellow_green
test_balanced\balloon\00136.png,test_balanced,balloon,red
test_balanced\tennis_ball\00137.png,test_balanced,tennis_ball,yellow_green
test_balanced\balloon\00138.png,test_balanced,balloon,yellow_green
test_balanced\tennis_ball\00139.png,test_balanced,tennis_ball,red
test_balanced\tennis_ball\00140.png,test_balanced,tennis_ball,red
test_balanced\balloon\00141.png,test_balanced,balloon,red
test_balanced\balloon\00142.png,test_balanced,balloon,yellow_green
test_balanced\tennis_ball\00143.png,test_balanced,tennis_ball,yellow_green
test_balanced\balloon\00144.png,test_balanced,balloon,red
test_balanced\tennis_ball\00145.png,test_balanced,tennis_ball,yellow_green
test_balanced\balloon\00146.png,test_balanced,balloon,yellow_green
test_balanced\tennis_ball\00147.png,test_balanced,tennis_ball,red
test_balanced\tennis_ball\00148.png,test_balanced,tennis_ball,red
test_balanced\balloon\00149.png,test_balanced,balloon,yellow_green
test_balanced\tennis_ball\00150.png,test_balanced,tennis_ball,red
test_balanced\balloon\00151.png,test_balanced,balloon,yellow_green
test_balanced\tennis_ball\00152.png,test_balanced,tennis_ball,yellow_green
test_balanced\tennis_ball\00153.png,test_balanced,tennis_ball,yellow_green
test_balanced\tennis_ball\00154.png,test_balanced,tennis_ball,yellow_green
test_balanced\tennis_ball\00155.png,test_balanced,tennis_ball,yellow_green
test_balanced\balloon\00156.png,test_balanced,balloon,red
test_balanced\balloon\00157.png,test_balanced,balloon,red
test_balanced\balloon\00158.png,test_balanced,balloon,red
test_balanced\tennis_ball\00159.png,test_balanced,tennis_ball,red
test_balanced\tennis_ball\00160.png,test_balanced,tennis_ball,red
test_balanced\tennis_ball\00161.png,test_balanced,tennis_ball,red
test_balanced\balloon\00162.png,test_balanced,balloon,yellow_green
test_balanced\balloon\00163.png,test_balanced,balloon,yellow_green
test_balanced\balloon\00164.png,test_balanced,balloon,yellow_green
test_balanced\tennis_ball\00165.png,test_balanced,tennis_ball,yellow_green
test_balanced\tennis_ball\00166.png,test_balanced,tennis_ball,yellow_green
test_balanced\tennis_ball\00167.png,test_balanced,tennis_ball,red
test_balanced\balloon\00168.png,test_balanced,balloon,yellow_green
test_balanced\balloon\00169.png,test_balanced,balloon,red
test_balanced\tennis_ball\00170.png,test_balanced,tennis_ball,red
test_balanced\tennis_ball\00171.png,test_balanced,tennis_ball,yellow_green
test_balanced\balloon\00172.png,test_balanced,balloon,red
test_balanced\tennis_ball\00173.png,test_balanced,tennis_ball,red
test_balanced\tennis_ball\00174.png,test_balanced,tennis_ball,yellow_green
test_balanced\tennis_ball\00175.png,test_balanced,tennis_ball,yellow_green
test_balanced\balloon\00176.png,test_balanced,balloon,red
test_balanced\balloon\00177.png,test_balanced,balloon,red
test_balanced\tennis_ball\00178.png,test_balanced,tennis_ball,red
test_balanced\tennis_ball\00179.png,test_balanced,tennis_ball,yellow_green
test_balanced\tennis_ball\00180.png,test_balanced,tennis_ball,yellow_green
test_balanced\tennis_ball\00181.png,test_balanced,tennis_ball,yellow_green
test_balanced\tennis_ball\00182.png,test_balanced,tennis_ball,yellow_green
test_balanced\balloon\00183.png,test_balanced,balloon,yellow_green
test_balanced\tennis_ball\00184.png,test_balanced,tennis_ball,yellow_green
test_balanced\balloon\00185.png,test_balanced,balloon,red
test_balanced\balloon\00186.png,test_balanced,balloon,red
test_balanced\balloon\00187.png,test_balanced,balloon,yellow_green
test_balanced\balloon\00188.png,test_balanced,balloon,yellow_green
test_balanced\balloon\00189.png,test_balanced,balloon,yellow_green
test_balanced\balloon\00190.png,test_balanced,balloon,yellow_green
test_balanced\tennis_ball\00191.png,test_balanced,tennis_ball,red
test_balanced\tennis_ball\00192.png,test_balanced,tennis_ball,yellow_green
test_balanced\tennis_ball\00193.png,test_balanced,tennis_ball,yellow_green
test_balanced\balloon\00194.png,test_balanced,balloon,yellow_green
test_balanced\tennis_ball\00195.png,test_balanced,tennis_ball,yellow_green
test_balanced\tennis_ball\00196.png,test_balanced,tennis_ball,yellow_green
test_balanced\tennis_ball\00197.png,test_balanced,tennis_ball,yellow_green
test_balanced\tennis_ball\00198.png,test_balanced,tennis_ball,yellow_green
test_balanced\tennis_ball\00199.png,test_balanced,tennis_ball,red
test_balanced\tennis_ball\00200.png,test_balanced,tennis_ball,yellow_green
test_balanced\balloon\00201.png,test_balanced,balloon,red
test_balanced\tennis_ball\00202.png,test_balanced,tennis_ball,red
test_balanced\tennis_ball\00203.png,test_balanced,tennis_ball,yellow_green
test_balanced\balloon\00204.png,test_balanced,balloon,red
test_balanced\balloon\00205.png,test_balanced,balloon,yellow_green
test_balanced\balloon\00206.png,test_balanced,balloon,red
test_balanced\tennis_ball\00207.png,test_balanced,tennis_ball,yellow_green
test_balanced\tennis_ball\00208.png,test_balanced,tennis_ball,yellow_green
test_balanced\balloon\00209.png,test_balanced,balloon,red
test_balanced\tennis_ball\00210.png,test_balanced,tennis_ball,yellow_green
test_balanced\tennis_ball\00211.png,test_balanced,tennis_ball,red
test_balanced\balloon\00212.png,test_balanced,balloon,yellow_green
test_balanced\tennis_ball\00213.png,test_balanced,tennis_ball,red
test_balanced\tennis_ball\00214.png,test_balanced,tennis_ball,red
test_balanced\balloon\00215.png,test_balanced,balloon,red
test_balanced\balloon\00216.png,test_balanced,balloon,yellow_green
test_balanced\balloon\00217.png,test_balanced,balloon,red
test_balanced\balloon\00218.png,test_balanced,balloon,red
test_balanced\balloon\00219.png,test_balanced,balloon,yellow_green
test_balanced\balloon\00220.png,test_balanced,balloon,red
test_balanced\tennis_ball\00221.png,test_balanced,tennis_ball,red
test_balanced\balloon\00222.png,test_balanced,balloon,yellow_green
test_balanced\tennis_ball\00223.png,test_balanced,tennis_ball,red
test_balanced\tennis_ball\00224.png,test_balanced,tennis_ball,red
test_balanced\balloon\00225.png,test_balanced,balloon,red
test_balanced\tennis_ball\00226.png,test_balanced,tennis_ball,red
test_balanced\tennis_ball\00227.png,test_balanced,tennis_ball,yellow_green
test_balanced\tennis_ball\00228.png,test_balanced,tennis_ball,red
test_balanced\balloon\00229.png,test_balanced,balloon,yellow_green
test_balanced\tennis_ball\00230.png,test_balanced,tennis_ball,red
test_balanced\tennis_ball\00231.png,test_balanced,tennis_ball,yellow_green
test_balanced\tennis_ball\00232.png,test_balanced,tennis_ball,yellow_green
test_balanced\balloon\00233.png,test_balanced,balloon,red
test_balanced\balloon\00234.png,test_balanced,balloon,red
test_balanced\balloon\00235.png,test_balanced,balloon,red
test_balanced\balloon\00236.png,test_balanced,balloon,yellow_green
test_balanced\balloon\00237.png,test_balanced,balloon,red
test_balanced\balloon\00238.png,test_balanced,balloon,yellow_green
test_balanced\tennis_ball\00239.png,test_balanced,tennis_ball,yellow_green
test_balanced\tennis_ball\00240.png,test_balanced,tennis_ball,yellow_green
test_balanced\tennis_ball\00241.png,test_balanced,tennis_ball,red
test_balanced\tennis_ball\00242.png,test_balanced,tennis_ball,red
test_balanced\balloon\00243.png,test_balanced,balloon,red
test_balanced\tennis_ball\00244.png,test_balanced,tennis_ball,yellow_green
test_balanced\tennis_ball\00245.png,test_balanced,tennis_ball,red
test_balanced\tennis_ball\00246.png,test_balanced,tennis_ball,red
test_balanced\balloon\00247.png,test_balanced,balloon,yellow_green
test_balanced\tennis_ball\00248.png,test_balanced,tennis_ball,red
test_balanced\balloon\00249.png,test_balanced,balloon,red
test_balanced\balloon\00250.png,test_balanced,balloon,yellow_green
test_balanced\tennis_ball\00251.png,test_balanced,tennis_ball,yellow_green
test_balanced\balloon\00252.png,test_balanced,balloon,yellow_green
test_balanced\balloon\00253.png,test_balanced,balloon,yellow_green
test_balanced\tennis_ball\00254.png,test_balanced,tennis_ball,red
test_balanced\tennis_ball\00255.png,test_balanced,tennis_ball,red
test_balanced\balloon\00256.png,test_balanced,balloon,red
test_balanced\tennis_ball\00257.png,test_balanced,tennis_ball,yellow_green
test_balanced\balloon\00258.png,test_balanced,balloon,yellow_green
test_balanced\tennis_ball\00259.png,test_balanced,tennis_ball,red
test_balanced\tennis_ball\00260.png,test_balanced,tennis_ball,yellow_green
test_balanced\balloon\00261.png,test_balanced,balloon,yellow_green
test_balanced\balloon\00262.png,test_balanced,balloon,yellow_green
test_balanced\tennis_ball\00263.png,test_balanced,tennis_ball,yellow_green
test_balanced\tennis_ball\00264.png,test_balanced,tennis_ball,yellow_green
test_balanced\balloon\00265.png,test_balanced,balloon,red
test_balanced\tennis_ball\00266.png,test_balanced,tennis_ball,red
test_balanced\tennis_ball\00267.png,test_balanced,tennis_ball,yellow_green
test_balanced\tennis_ball\00268.png,test_balanced,tennis_ball,red
test_balanced\tennis_ball\00269.png,test_balanced,tennis_ball,yellow_green
test_balanced\tennis_ball\00270.png,test_balanced,tennis_ball,red
test_balanced\tennis_ball\00271.png,test_balanced,tennis_ball,red
test_balanced\tennis_ball\00272.png,test_balanced,tennis_ball,red
test_balanced\tennis_ball\00273.png,test_balanced,tennis_ball,yellow_green
test_balanced\balloon\00274.png,test_balanced,balloon,yellow_green
test_balanced\tennis_ball\00275.png,test_balanced,tennis_ball,red
test_balanced\balloon\00276.png,test_balanced,balloon,yellow_green
test_balanced\tennis_ball\00277.png,test_balanced,tennis_ball,red
test_balanced\tennis_ball\00278.png,test_balanced,tennis_ball,yellow_green
test_balanced\tennis_ball\00279.png,test_balanced,tennis_ball,red
test_balanced\tennis_ball\00280.png,test_balanced,tennis_ball,yellow_green
test_balanced\tennis_ball\00281.png,test_balanced,tennis_ball,red
test_balanced\tennis_ball\00282.png,test_balanced,tennis_ball,red
test_balanced\tennis_ball\00283.png,test_balanced,tennis_ball,yellow_green
test_balanced\balloon\00284.png,test_balanced,balloon,red
test_balanced\balloon\00285.png,test_balanced,balloon,yellow_green
test_balanced\tennis_ball\00286.png,test_balanced,tennis_ball,yellow_green
test_balanced\tennis_ball\00287.png,test_balanced,tennis_ball,yellow_green
test_balanced\tennis_ball\00288.png,test_balanced,tennis_ball,red
test_balanced\tennis_ball\00289.png,test_balanced,tennis_ball,yellow_green
test_balanced\tennis_ball\00290.png,test_balanced,tennis_ball,red
test_balanced\tennis_ball\00291.png,test_balanced,tennis_ball,red
test_balanced\balloon\00292.png,test_balanced,balloon,yellow_green
test_balanced\tennis_ball\00293.png,test_balanced,tennis_ball,yellow_green
test_balanced\tennis_ball\00294.png,test_balanced,tennis_ball,red
test_balanced\tennis_ball\00295.png,test_balanced,tennis_ball,yellow_green
test_balanced\balloon\00296.png,test_balanced,balloon,yellow_green
test_balanced\balloon\00297.png,test_balanced,balloon,yellow_green
test_balanced\balloon\00298.png,test_balanced,balloon,yellow_green
test_balanced\balloon\00299.png,test_balanced,balloon,yellow_green
